Protocollo;Gruppo;DataOraIncidente;Localizzazione1;STRADA1;Localizzazione2;STRADA2;Strada02;Chilometrica;DaSpecificare;NaturaIncidente;particolaritastrade;TipoStrada;FondoStradale;Pavimentazione;Segnaletica;CondizioneAtmosferica;Traffico;Visibilita;Illuminazione;NUM_FERITI;NUM_RISERVATA;NUM_MORTI;NUM_ILLESI;Longitudine;Latitudine;Confermato;Progressivo;TipoVeicolo;StatoVeicolo;TipoPersona;Sesso;Tipolesione;Deceduto;DecedutoDopo;CinturaCascoUtilizzato;Airbag
1774226;12;12/09/2008 22:00;Strada Urbana;LARGO DELLA CECCHIGNOLA;all'intersezione con;VIA DI TOR PAGNOTTA;VIA DI TOR PAGNOTTA;;;Infortunio per caduta del veicolo;Rotatoria;Una carreggiata a senso unico di marcia;Bagnato (pioggia);Asfaltata;Verticale ed orizzontale;Pioggia in atto;Scarso;Buona;Sufficiente;0;1;0;0;;;-1;1;Motociclo a solo;In marcia / fermata / arresto;Conducente;M;Prognosi riservata;0;NON DECEDUTO;Utilizzato;Inesistente
1774227;12;12/09/2008 22:00;Strada Urbana;VIALE DELLA CIVILTA' DEL LAVORO;da specificare;;;;pross. Via Ciro il Grande;Investimento di pedone;Rettilineo;Una carreggiata a doppio senso;Bagnato (pioggia);Asfaltata;Verticale ed orizzontale;Pioggia in atto;Normale;Buona;Sufficiente;1;0;0;1;;;-1;;;;Pedone;M;Rimandato;0;NON DECEDUTO;;
1774227;12;12/09/2008 22:00;Strada Urbana;VIALE DELLA CIVILTA' DEL LAVORO;da specificare;;;;pross. Via Ciro il Grande;Investimento di pedone;Rettilineo;Una carreggiata a doppio senso;Bagnato (pioggia);Asfaltata;Verticale ed orizzontale;Pioggia in atto;Normale;Buona;Sufficiente;1;0;0;1;;;-1;1;Autovettura privata;In marcia / fermata / arresto;Conducente;F;Illeso;0;;Utilizzato;Inesistente
1774228;12;13/09/2008 14:20;Strada Urbana;VIA CRISTOFORO COLOMBO;all'intersezione semaforizzata con;PIAZZALE VENTICINQUE MARZO 1957;PIAZZALE VENTICINQUE MARZO 1957;;;Tamponamento Multiplo;Incrocio;Due carreggiate;Asciutto;Asfaltata;Verticale ed orizzontale;Nuvoloso;Normale;Buona;Sufficiente;0;0;0;3;;;-1;1;Autovettura privata;In marcia / fermata / arresto;Conducente;M;Illeso;0;;Utilizzato;Inesistente
1774228;12;13/09/2008 14:20;Strada Urbana;VIA CRISTOFORO COLOMBO;all'intersezione semaforizzata con;PIAZZALE VENTICINQUE MARZO 1957;PIAZZALE VENTICINQUE MARZO 1957;;;Tamponamento Multiplo;Incrocio;Due carreggiate;Asciutto;Asfaltata;Verticale ed orizzontale;Nuvoloso;Normale;Buona;Sufficiente;0;0;0;3;;;-1;2;Autovettura privata;In marcia / fermata / arresto;Conducente;F;Illeso;0;;Utilizzato;Inesploso
1774228;12;13/09/2008 14:20;Strada Urbana;VIA CRISTOFORO COLOMBO;all'intersezione semaforizzata con;PIAZZALE VENTICINQUE MARZO 1957;PIAZZALE VENTICINQUE MARZO 1957;;;Tamponamento Multiplo;Incrocio;Due carreggiate;Asciutto;Asfaltata;Verticale ed orizzontale;Nuvoloso;Normale;Buona;Sufficiente;0;0;0;3;;;-1;3;Autovettura privata;In marcia / fermata / arresto;Conducente;M;Illeso;0;;Utilizzato;Inesistente
1774229;12;13/09/2008 15:50;Provinciale entro l'abitato;VIA LAURENTINA;in prossimità;;del civico n. ;624;;Tamponamento;Rettilineo;Due carreggiate;Asciutto;Asfaltata;Verticale ed orizzontale;Nuvoloso;Normale;Buona;Ore Diurne;1;0;0;3;;;-1;1;Autovettura privata;In marcia / fermata / arresto;Conducente;M;Illeso;0;;Utilizzato;Inesploso
1774229;12;13/09/2008 15:50;Provinciale entro l'abitato;VIA LAURENTINA;in prossimità;;del civico n. ;624;;Tamponamento;Rettilineo;Due carreggiate;Asciutto;Asfaltata;Verticale ed orizzontale;Nuvoloso;Normale;Buona;Ore Diurne;1;0;0;3;;;-1;1;Autovettura privata;In marcia / fermata / arresto;Passeggero;M;Illeso;0;;Utilizzato;Inesploso
1774229;12;13/09/2008 15:50;Provinciale entro l'abitato;VIA LAURENTINA;in prossimità;;del civico n. ;624;;Tamponamento;Rettilineo;Due carreggiate;Asciutto;Asfaltata;Verticale ed orizzontale;Nuvoloso;Normale;Buona;Ore Diurne;1;0;0;3;;;-1;2;Autovettura privata;In marcia / fermata / arresto;Conducente;F;Illeso;0;;Utilizzato;Inesploso
1774229;12;13/09/2008 15:50;Provinciale entro l'abitato;VIA LAURENTINA;in prossimità;;del civico n. ;624;;Tamponamento;Rettilineo;Due carreggiate;Asciutto;Asfaltata;Verticale ed orizzontale;Nuvoloso;Normale;Buona;Ore Diurne;1;0;0;3;;;-1;2;Autovettura privata;In marcia / fermata / arresto;Passeggero;F;Rimandato;0;NON DECEDUTO;Utilizzato;Inesistente
1774230;12;13/09/2008 17:30;Strada Urbana;VIA BRUNO DE FINETTI;da specificare;;;;civ. 130 e seguenti;Veicolo in marcia contro veicoli in sosta;Rettilineo;Due carreggiate;Asciutto;Asfaltata;Verticale ed orizzontale;Sereno;Normale;Buona;Ore Diurne;0;0;0;1;;;-1;1;Autovettura privata;In marcia / fermata / arresto;Conducente;M;Illeso;0;;Utilizzato;Inesistente
1774231;12;14/09/2008 17:00;Strada Urbana;VIA DI PRATICA;all'intersezione con;VIA DE LA COMUNELLA;VIA DE LA COMUNELLA;;;Scontro frontale/laterale SX fra veicoli in marcia;Incrocio;Una carreggiata a doppio senso;Asciutto;Asfaltata;Assente;Nuvoloso;Scarso;Buona;Ore Diurne;1;0;0;2;;;-1;1;Autovettura privata;In marcia / fermata / arresto;Conducente;M;Illeso;0;;Utilizzato;Inesistente
1774231;12;14/09/2008 17:00;Strada Urbana;VIA DI PRATICA;all'intersezione con;VIA DE LA COMUNELLA;VIA DE LA COMUNELLA;;;Scontro frontale/laterale SX fra veicoli in marcia;Incrocio;Una carreggiata a doppio senso;Asciutto;Asfaltata;Assente;Nuvoloso;Scarso;Buona;Ore Diurne;1;0;0;2;;;-1;2;Autovettura privata;In marcia / fermata / arresto;Conducente;M;Illeso;0;;Utilizzato;Inesistente
1774231;12;14/09/2008 17:00;Strada Urbana;VIA DI PRATICA;all'intersezione con;VIA DE LA COMUNELLA;VIA DE LA COMUNELLA;;;Scontro frontale/laterale SX fra veicoli in marcia;Incrocio;Una carreggiata a doppio senso;Asciutto;Asfaltata;Assente;Nuvoloso;Scarso;Buona;Ore Diurne;1;0;0;2;;;-1;2;Autovettura privata;In marcia / fermata / arresto;Passeggero;F;Rimandato;0;NON DECEDUTO;Utilizzato;Inesistente
1774232;12;15/09/2008 15:15;Strada Urbana;VIA ORAZIO CONSOLE;in corrispondenza;;del civico n. ;103;;Veicolo in marcia contro ostacolo accidentale;Rettilineo;Una carreggiata a doppio senso;Asciutto;Asfaltata;Verticale;Sereno;Scarso;Buona;Ore Diurne;0;0;0;2;;;-1;1;Autovettura di polizia;In marcia / fermata / arresto;Conducente;M;Illeso;0;;Utilizzato;Inesploso
1774232;12;15/09/2008 15:15;Strada Urbana;VIA ORAZIO CONSOLE;in corrispondenza;;del civico n. ;103;;Veicolo in marcia contro ostacolo accidentale;Rettilineo;Una carreggiata a doppio senso;Asciutto;Asfaltata;Verticale;Sereno;Scarso;Buona;Ore Diurne;0;0;0;2;;;-1;1;Autovettura di polizia;In marcia / fermata / arresto;Passeggero;M;Illeso;0;;Utilizzato;Inesploso
1774233;12;15/09/2008 16:30;Strada Urbana;VIA DEI GENIERI;in corrispondenza;;del civico n. ;49;;Tamponamento;Rettilineo;Una carreggiata a doppio senso;Asciutto;Asfaltata;Orizzontale;Sereno;Normale;Buona;Ore Diurne;0;0;0;2;;;-1;1;Autovettura privata;In marcia / fermata / arresto;Conducente;F;Illeso;0;;Utilizzato;Inesploso
1774233;12;15/09/2008 16:30;Strada Urbana;VIA DEI GENIERI;in corrispondenza;;del civico n. ;49;;Tamponamento;Rettilineo;Una carreggiata a doppio senso;Asciutto;Asfaltata;Orizzontale;Sereno;Normale;Buona;Ore Diurne;0;0;0;2;;;-1;2;Autovettura privata;In marcia / fermata / arresto;Conducente;M;Illeso;0;;Utilizzato;Inesploso
1774234;13;15/09/2008 09:15;Strada Urbana;VIA DI ACILIA;all'intersezione con;VIA OSCAR GHIGLIA;VIA OSCAR GHIGLIA;;;Scontro frontale/laterale DX fra veicoli in marcia;Incrocio;Una carreggiata a doppio senso;Asciutto;Asfaltata;Verticale;Sereno;Normale;Buona;Ore Diurne;0;0;0;2;;;-1;1;Autovettura privata;In marcia / fermata / arresto;Conducente;F;Illeso;0;;Non accertato;Inesploso
1774234;13;15/09/2008 09:15;Strada Urbana;VIA DI ACILIA;all'intersezione con;VIA OSCAR GHIGLIA;VIA OSCAR GHIGLIA;;;Scontro frontale/laterale DX fra veicoli in marcia;Incrocio;Una carreggiata a doppio senso;Asciutto;Asfaltata;Verticale;Sereno;Normale;Buona;Ore Diurne;0;0;0;2;;;-1;2;Autovettura privata;In marcia / fermata / arresto;Conducente;M;Illeso;0;;Non accertato;Inesploso
1774235;13;15/09/2008 10:15;Strada Urbana;VIALE DELLA PINETA DI OSTIA;all'intersezione con;VIALE DELLA VITTORIA;VIALE DELLA VITTORIA;;;Scontro frontale/laterale SX fra veicoli in marcia;Incrocio;Una carreggiata a doppio senso;Asciutto;Asfaltata;Verticale ed orizzontale;Sereno;Normale;Buona;Ore Diurne;0;0;0;2;;;-1;1;Autovettura privata;In marcia / fermata / arresto;Conducente;M;Illeso;0;;Non accertato;Inesploso
1774235;13;15/09/2008 10:15;Strada Urbana;VIALE DELLA PINETA DI OSTIA;all'intersezione con;VIALE DELLA VITTORIA;VIALE DELLA VITTORIA;;;Scontro frontale/laterale SX fra veicoli in marcia;Incrocio;Una carreggiata a doppio senso;Asciutto;Asfaltata;Verticale ed orizzontale;Sereno;Normale;Buona;Ore Diurne;0;0;0;2;;;-1;2;Autovettura privata;In marcia / fermata / arresto;Conducente;M;Illeso;0;;Non accertato;Inesploso
1774236;13;15/09/2008 11:40;Strada Urbana;VIALE DEI ROMAGNOLI;all'intersezione con;VIA DELLA STAZIONE DI OSTIA ANTICA;VIA DELLA STAZIONE DI OSTIA ANTICA;;;Scontro frontale/laterale DX fra veicoli in marcia;Incrocio;Una carreggiata a doppio senso;Asciutto;Asfaltata;Verticale ed orizzontale;Sereno;Normale;Buona;Ore Diurne;1;0;0;1;;;-1;1;Autovettura privata;In marcia / fermata / arresto;Conducente;F;Rimandato;0;NON DECEDUTO;Non accertato;Inesploso
1774236;13;15/09/2008 11:40;Strada Urbana;VIALE DEI ROMAGNOLI;all'intersezione con;VIA DELLA STAZIONE DI OSTIA ANTICA;VIA DELLA STAZIONE DI OSTIA ANTICA;;;Scontro frontale/laterale DX fra veicoli in marcia;Incrocio;Una carreggiata a doppio senso;Asciutto;Asfaltata;Verticale ed orizzontale;Sereno;Normale;Buona;Ore Diurne;1;0;0;1;;;-1;2;Autovettura privata;In marcia / fermata / arresto;Conducente;M;Illeso;0;;Utilizzato;Inesploso
1774237;13;15/09/2008 13:25;Strada Urbana;VIA CARLO CASINI;all'intersezione con;VIA PIETRO BENEDETTI;VIA PIETRO BENEDETTI;;;Scontro frontale/laterale SX fra veicoli in marcia;Incrocio;Una carreggiata a senso unico di marcia;Asciutto;Asfaltata;Assente;Sereno;Scarso;Sufficiente;Ore Diurne;1;0;0;1;;;-1;1;Autovettura privata;In marcia / fermata / arresto;Conducente;M;Rimandato;0;NON DECEDUTO;Non accertato;Inesploso
1774237;13;15/09/2008 13:25;Strada Urbana;VIA CARLO CASINI;all'intersezione con;VIA PIETRO BENEDETTI;VIA PIETRO BENEDETTI;;;Scontro frontale/laterale SX fra veicoli in marcia;Incrocio;Una carreggiata a senso unico di marcia;Asciutto;Asfaltata;Assente;Sereno;Scarso;Sufficiente;Ore Diurne;1;0;0;1;;;-1;2;Autovettura privata;In marcia / fermata / arresto;Conducente;M;Illeso;0;;Non accertato;Inesploso
1774238;13;15/09/2008 17:40;Strada Urbana;VIA ESCHILO;in prossimità;;del civico n. ;37;;Tamponamento;Curva a visuale libera;Due carreggiate;Asciutto;Asfaltata;Verticale ed orizzontale;Sereno;Normale;Buona;Ore Diurne;0;0;0;4;;;-1;1;Autovettura privata;In marcia / fermata / arresto;Conducente;F;Illeso;0;;Non accertato;Inesploso
1774238;13;15/09/2008 17:40;Strada Urbana;VIA ESCHILO;in prossimità;;del civico n. ;37;;Tamponamento;Curva a visuale libera;Due carreggiate;Asciutto;Asfaltata;Verticale ed orizzontale;Sereno;Normale;Buona;Ore Diurne;0;0;0;4;;;-1;1;Autovettura privata;In marcia / fermata / arresto;Passeggero;F;Illeso;0;;Non accertato;Inesploso
1774238;13;15/09/2008 17:40;Strada Urbana;VIA ESCHILO;in prossimità;;del civico n. ;37;;Tamponamento;Curva a visuale libera;Due carreggiate;Asciutto;Asfaltata;Verticale ed orizzontale;Sereno;Normale;Buona;Ore Diurne;0;0;0;4;;;-1;1;Autovettura privata;In marcia / fermata / arresto;Passeggero;F;Illeso;0;;Non accertato;Inesploso
1774238;13;15/09/2008 17:40;Strada Urbana;VIA ESCHILO;in prossimità;;del civico n. ;37;;Tamponamento;Curva a visuale libera;Due carreggiate;Asciutto;Asfaltata;Verticale ed orizzontale;Sereno;Normale;Buona;Ore Diurne;0;0;0;4;;;-1;2;Autovettura privata;In marcia / fermata / arresto;Conducente;M;Illeso;0;;Non accertato;Inesploso
1774240;13;15/09/2008 18:00;Strada Urbana;VIALE DEI PROMONTORI;all'intersezione con;VIA FEDERICO PAOLINI;VIA FEDERICO PAOLINI;;;Scontro frontale/laterale DX fra veicoli in marcia;Incrocio;Due carreggiate;Asciutto;Asfaltata;Verticale ed orizzontale;Nuvoloso;Scarso;Sufficiente;Ore Diurne;2;0;0;1;;;-1;1;Autovettura privata;In marcia / fermata / arresto;Conducente;M;Illeso;0;;Non accertato;Inesploso
1774240;13;15/09/2008 18:00;Strada Urbana;VIALE DEI PROMONTORI;all'intersezione con;VIA FEDERICO PAOLINI;VIA FEDERICO PAOLINI;;;Scontro frontale/laterale DX fra veicoli in marcia;Incrocio;Due carreggiate;Asciutto;Asfaltata;Verticale ed orizzontale;Nuvoloso;Scarso;Sufficiente;Ore Diurne;2;0;0;1;;;-1;2;Ciclomotore;In marcia / fermata / arresto;Conducente;M;Rimandato;0;NON DECEDUTO;Non accertato;Inesistente
1774240;13;15/09/2008 18:00;Strada Urbana;VIALE DEI PROMONTORI;all'intersezione con;VIA FEDERICO PAOLINI;VIA FEDERICO PAOLINI;;;Scontro frontale/laterale DX fra veicoli in marcia;Incrocio;Due carreggiate;Asciutto;Asfaltata;Verticale ed orizzontale;Nuvoloso;Scarso;Sufficiente;Ore Diurne;2;0;0;1;;;-1;2;Ciclomotore;In marcia / fermata / arresto;Passeggero;M;Rimandato;0;NON DECEDUTO;Non accertato;Inesistente
1774241;13;15/09/2008 18:30;Strada Urbana;VIA DOMENICO PURIFICATO;all'intersezione con;VIA FRANCO GENTILINI;VIA FRANCO GENTILINI;;;Scontro frontale/laterale SX fra veicoli in marcia;Incrocio;Una carreggiata a doppio senso;Bagnato (pioggia);Asfaltata;Verticale ed orizzontale;Nuvoloso;Scarso;Buona;Ore Diurne;2;0;0;0;;;-1;1;Autovettura privata;In marcia / fermata / arresto;Conducente;F;Ricoverato;0;NON DECEDUTO;Non accertato;Inesploso
1774241;13;15/09/2008 18:30;Strada Urbana;VIA DOMENICO PURIFICATO;all'intersezione con;VIA FRANCO GENTILINI;VIA FRANCO GENTILINI;;;Scontro frontale/laterale SX fra veicoli in marcia;Incrocio;Una carreggiata a doppio senso;Bagnato (pioggia);Asfaltata;Verticale ed orizzontale;Nuvoloso;Scarso;Buona;Ore Diurne;2;0;0;0;;;-1;2;Autovettura privata;In marcia / fermata / arresto;Conducente;M;Rimandato;0;NON DECEDUTO;Non accertato;Inesploso
1774242;13;15/09/2008 19:15;Strada Urbana;VIA GUIDO CALZA;da specificare;;;;prossimità vicolo di Tor Boacciana;Scontro laterale fra veicoli in marcia;Rettilineo;Una carreggiata a doppio senso;Bagnato (pioggia);Asfaltata;Verticale ed orizzontale;Pioggia in atto;Normale;Sufficiente;Inesistente;1;0;0;1;;;-1;1;Autocarro inferiore 35 q.;In marcia / fermata / arresto;Conducente;M;Illeso;0;;Non accertato;Inesistente
1774242;13;15/09/2008 19:15;Strada Urbana;VIA GUIDO CALZA;da specificare;;;;prossimità vicolo di Tor Boacciana;Scontro laterale fra veicoli in marcia;Rettilineo;Una carreggiata a doppio senso;Bagnato (pioggia);Asfaltata;Verticale ed orizzontale;Pioggia in atto;Normale;Sufficiente;Inesistente;1;0;0;1;;;-1;2;Autovettura privata;In marcia / fermata / arresto;Conducente;M;Rimandato;0;NON DECEDUTO;Non accertato;Esploso
1774243;13;15/09/2008 21:40;Strada Urbana;VIADOTTO ATTICO TABACCHI;all'intersezione con;VIA DELLE BALENIERE;VIA DELLE BALENIERE;;;Investimento di pedone;Intersezione semaforizzata;Una carreggiata a doppio senso;Bagnato (pioggia);Asfaltata;Verticale ed orizzontale;Pioggia in atto;Normale;Buona;Sufficiente;1;0;0;1;;;-1;;;;Pedone;F;Rimandato;0;NON DECEDUTO;;
1774243;13;15/09/2008 21:40;Strada Urbana;VIADOTTO ATTICO TABACCHI;all'intersezione con;VIA DELLE BALENIERE;VIA DELLE BALENIERE;;;Investimento di pedone;Intersezione semaforizzata;Una carreggiata a doppio senso;Bagnato (pioggia);Asfaltata;Verticale ed orizzontale;Pioggia in atto;Normale;Buona;Sufficiente;1;0;0;1;;;-1;1;Autovettura privata;In marcia / fermata / arresto;Conducente;M;Illeso;0;;Non accertato;Inesploso
1774244;13;15/09/2008 22:20;Strada Urbana;CORSO DUCA DI GENOVA;all'intersezione con;VIALE DELLE REPUBBLICHE MARINARE;VIALE DELLE REPUBBLICHE MARINARE;;;Scontro frontale/laterale DX fra veicoli in marcia;Incrocio;Una carreggiata a doppio senso;Bagnato (pioggia);Asfaltata;Verticale ed orizzontale;Nuvoloso;Normale;Buona;Sufficiente;3;0;0;1;;;-1;1;Autovettura privata;In marcia / fermata / arresto;Conducente;F;Rimandato;0;NON DECEDUTO;Non accertato;Inesploso
1774244;13;15/09/2008 22:20;Strada Urbana;CORSO DUCA DI GENOVA;all'intersezione con;VIALE DELLE REPUBBLICHE MARINARE;VIALE DELLE REPUBBLICHE MARINARE;;;Scontro frontale/laterale DX fra veicoli in marcia;Incrocio;Una carreggiata a doppio senso;Bagnato (pioggia);Asfaltata;Verticale ed orizzontale;Nuvoloso;Normale;Buona;Sufficiente;3;0;0;1;;;-1;1;Autovettura privata;In marcia / fermata / arresto;Passeggero;F;Rimandato;0;NON DECEDUTO;Non accertato;Inesploso
1774244;13;15/09/2008 22:20;Strada Urbana;CORSO DUCA DI GENOVA;all'intersezione con;VIALE DELLE REPUBBLICHE MARINARE;VIALE DELLE REPUBBLICHE MARINARE;;;Scontro frontale/laterale DX fra veicoli in marcia;Incrocio;Una carreggiata a doppio senso;Bagnato (pioggia);Asfaltata;Verticale ed orizzontale;Nuvoloso;Normale;Buona;Sufficiente;3;0;0;1;;;-1;1;Autovettura privata;In marcia / fermata / arresto;Passeggero;M;Illeso;0;;Non accertato;Inesploso
1774244;13;15/09/2008 22:20;Strada Urbana;CORSO DUCA DI GENOVA;all'intersezione con;VIALE DELLE REPUBBLICHE MARINARE;VIALE DELLE REPUBBLICHE MARINARE;;;Scontro frontale/laterale DX fra veicoli in marcia;Incrocio;Una carreggiata a doppio senso;Bagnato (pioggia);Asfaltata;Verticale ed orizzontale;Nuvoloso;Normale;Buona;Sufficiente;3;0;0;1;;;-1;2;Autovettura privata;In marcia / fermata / arresto;Conducente;F;Rimandato;0;NON DECEDUTO;Non accertato;Inesploso
1774245;15;15/09/2008 07:50;Strada Urbana;VIA DELLA MAGLIANA;da specificare;;;;prossimità Via Mondolfo dir Borgata Petrelli;Tamponamento Multiplo;Rettilineo;Una carreggiata a doppio senso;Asciutto;Asfaltata;Verticale ed orizzontale;Sereno;Normale;Buona;Ore Diurne;0;0;0;3;;;-1;1;Autovettura privata;In marcia / fermata / arresto;Conducente;M;Illeso;0;;Utilizzato;Inesistente
1774245;15;15/09/2008 07:50;Strada Urbana;VIA DELLA MAGLIANA;da specificare;;;;prossimità Via Mondolfo dir Borgata Petrelli;Tamponamento Multiplo;Rettilineo;Una carreggiata a doppio senso;Asciutto;Asfaltata;Verticale ed orizzontale;Sereno;Normale;Buona;Ore Diurne;0;0;0;3;;;-1;2;Autovettura privata;In marcia / fermata / arresto;Conducente;F;Illeso;0;;Utilizzato;Inesistente
1774245;15;15/09/2008 07:50;Strada Urbana;VIA DELLA MAGLIANA;da specificare;;;;prossimità Via Mondolfo dir Borgata Petrelli;Tamponamento Multiplo;Rettilineo;Una carreggiata a doppio senso;Asciutto;Asfaltata;Verticale ed orizzontale;Sereno;Normale;Buona;Ore Diurne;0;0;0;3;;;-1;3;Autovettura privata;In marcia / fermata / arresto;Conducente;M;Illeso;0;;Utilizzato;Inesistente
1774246;15;15/09/2008 09:00;Strada Urbana;VIA DELLA MAGLIANA;all'intersezione con;VIA DI GENEROSA;VIA DI GENEROSA;;;Scontro frontale/laterale SX fra veicoli in marcia;Incrocio;Una carreggiata a doppio senso;Asciutto;Asfaltata;Verticale ed orizzontale;Sereno;Normale;Buona;Ore Diurne;0;0;0;3;;;-1;1;Autovettura privata;In marcia / fermata / arresto;Conducente;M;Illeso;0;;Utilizzato;Inesistente
1774246;15;15/09/2008 09:00;Strada Urbana;VIA DELLA MAGLIANA;all'intersezione con;VIA DI GENEROSA;VIA DI GENEROSA;;;Scontro frontale/laterale SX fra veicoli in marcia;Incrocio;Una carreggiata a doppio senso;Asciutto;Asfaltata;Verticale ed orizzontale;Sereno;Normale;Buona;Ore Diurne;0;0;0;3;;;-1;1;Autovettura privata;In marcia / fermata / arresto;Passeggero;M;Illeso;0;;Utilizzato;Inesistente
1774246;15;15/09/2008 09:00;Strada Urbana;VIA DELLA MAGLIANA;all'intersezione con;VIA DI GENEROSA;VIA DI GENEROSA;;;Scontro frontale/laterale SX fra veicoli in marcia;Incrocio;Una carreggiata a doppio senso;Asciutto;Asfaltata;Verticale ed orizzontale;Sereno;Normale;Buona;Ore Diurne;0;0;0;3;;;-1;2;Autovettura privata;In marcia / fermata / arresto;Conducente;F;Illeso;0;;Utilizzato;Inesistente
1774247;15;15/09/2008 09:35;Strada Urbana;VIA DEL FOSSO DELLA MAGLIANA;in prossimità;;del civico n. ;12;;Tamponamento;Rettilineo;Una carreggiata a doppio senso;Asciutto;Asfaltata;Orizzontale;Sereno;Normale;Buona;Ore Diurne;2;0;0;0;;;-1;1;Autovettura privata;In marcia / fermata / arresto;Conducente;M;Rimandato;0;NON DECEDUTO;Non accertato;Inesistente
1774247;15;15/09/2008 09:35;Strada Urbana;VIA DEL FOSSO DELLA MAGLIANA;in prossimità;;del civico n. ;12;;Tamponamento;Rettilineo;Una carreggiata a doppio senso;Asciutto;Asfaltata;Orizzontale;Sereno;Normale;Buona;Ore Diurne;2;0;0;0;;;-1;2;Autocarro inferiore 35 q.;In marcia / fermata / arresto;Conducente;M;Rimandato;0;NON DECEDUTO;Non accertato;Inesistente
1774248;15;15/09/2008 15:00;Strada Urbana;VIA FRANCESCO GRIMALDI;in prossimità;;del civico n. ;110;;Scontro laterale fra veicoli in marcia;Rettilineo;Due carreggiate;Asciutto;Asfaltata;Orizzontale;Sereno;Normale;Buona;Ore Diurne;0;0;0;2;;;-1;1;Autocarro superiore 35 q.;In marcia / fermata / arresto;Conducente;M;Illeso;0;;Utilizzato;Inesistente
1774248;15;15/09/2008 15:00;Strada Urbana;VIA FRANCESCO GRIMALDI;in prossimità;;del civico n. ;110;;Scontro laterale fra veicoli in marcia;Rettilineo;Due carreggiate;Asciutto;Asfaltata;Orizzontale;Sereno;Normale;Buona;Ore Diurne;0;0;0;2;;;-1;2;Autovettura privata;In marcia / fermata / arresto;Conducente;M;Illeso;0;;Utilizzato;Inesistente
1774249;15;15/09/2008 16:45;Strada Urbana;VIA PASQUALE BAFFI;in prossimità;;del civico n. ;14;;Scontro frontale/laterale SX fra veicoli in marcia;Rettilineo;Una carreggiata a doppio senso;Asciutto;Asfaltata;Orizzontale;Sereno;Normale;Buona;Ore Diurne;0;0;0;3;;;-1;1;Autovettura privata;In marcia / fermata / arresto;Conducente;F;Illeso;0;;Utilizzato;Inesistente
1774249;15;15/09/2008 16:45;Strada Urbana;VIA PASQUALE BAFFI;in prossimità;;del civico n. ;14;;Scontro frontale/laterale SX fra veicoli in marcia;Rettilineo;Una carreggiata a doppio senso;Asciutto;Asfaltata;Orizzontale;Sereno;Normale;Buona;Ore Diurne;0;0;0;3;;;-1;1;Autovettura privata;In marcia / fermata / arresto;Passeggero;F;Illeso;0;;Utilizzato;Inesistente
1774249;15;15/09/2008 16:45;Strada Urbana;VIA PASQUALE BAFFI;in prossimità;;del civico n. ;14;;Scontro frontale/laterale SX fra veicoli in marcia;Rettilineo;Una carreggiata a doppio senso;Asciutto;Asfaltata;Orizzontale;Sereno;Normale;Buona;Ore Diurne;0;0;0;3;;;-1;2;Autovettura privata;In marcia / fermata / arresto;Conducente;M;Illeso;0;;Utilizzato;Inesistente
1774250;15;15/09/2008 17:45;Strada Urbana;PIAZZA DELLA RADIO;da specificare;;;;lato parcheggio fronte civico 46/B;Veicolo in marcia contro veicoli in sosta;Rettilineo;Una carreggiata a senso unico di marcia;Asciutto;Asfaltata;Orizzontale;Sereno;Normale;Buona;Ore Diurne;0;0;0;1;;;-1;1;Autocarro superiore 35 q.;In marcia / fermata / arresto;Conducente;M;Illeso;0;;Utilizzato;Inesistente
1774258;16;15/09/2008 17:45;Strada Urbana;VIA FEDERICO OZANAM;in corrispondenza;;del civico n. ;121;;Investimento di pedone;Pendenza;Una carreggiata a doppio senso;Asciutto;Asfaltata;Assente;Sereno;Normale;Buona;Ore Diurne;1;1;0;1;;;-1;;;;Pedone;F;Prognosi riservata;0;NON DECEDUTO;;
1774258;16;15/09/2008 17:45;Strada Urbana;VIA FEDERICO OZANAM;in corrispondenza;;del civico n. ;121;;Investimento di pedone;Pendenza;Una carreggiata a doppio senso;Asciutto;Asfaltata;Assente;Sereno;Normale;Buona;Ore Diurne;1;1;0;1;;;-1;1;Motociclo con passeggero;In marcia / fermata / arresto;Conducente;M;Illeso;0;;Non accertato;Inesistente
1774258;16;15/09/2008 17:45;Strada Urbana;VIA FEDERICO OZANAM;in corrispondenza;;del civico n. ;121;;Investimento di pedone;Pendenza;Una carreggiata a doppio senso;Asciutto;Asfaltata;Assente;Sereno;Normale;Buona;Ore Diurne;1;1;0;1;;;-1;1;Motociclo con passeggero;In marcia / fermata / arresto;Passeggero;F;Rifiuta cure immediate;0;NON DECEDUTO;Non accertato;Inesistente
1774264;18;05/09/2008 17:10;Strada Urbana;VIA BALDO DEGLI UBALDI;in prossimità;;del civico n. ;25;;Scontro frontale/laterale SX fra veicoli in marcia;Rettilineo;Due carreggiate;Asciutto;Asfaltata;Orizzontale;Sereno;Normale;Buona;Ore Diurne;0;0;0;2;;;-1;1;Autovettura privata;In marcia / fermata / arresto;Conducente;M;Illeso;0;;Non accertato;Inesistente
1774264;18;05/09/2008 17:10;Strada Urbana;VIA BALDO DEGLI UBALDI;in prossimità;;del civico n. ;25;;Scontro frontale/laterale SX fra veicoli in marcia;Rettilineo;Due carreggiate;Asciutto;Asfaltata;Orizzontale;Sereno;Normale;Buona;Ore Diurne;0;0;0;2;;;-1;2;Autovettura privata;In marcia / fermata / arresto;Conducente;M;Illeso;0;;Non accertato;Inesistente