Protocollo;Gruppo;DataOraIncidente;Localizzazione1;STRADA1;Localizzazione2;STRADA2;Strada02;Chilometrica;DaSpecificare;NaturaIncidente;particolaritastrade;TipoStrada;FondoStradale;Pavimentazione;Segnaletica;CondizioneAtmosferica;Traffico;Visibilita;Illuminazione;NUM_FERITI;NUM_RISERVATA;NUM_MORTI;NUM_ILLESI;Longitudine;Latitudine;Confermato;Progressivo;TipoVeicolo;StatoVeicolo;TipoPersona;Sesso;Tipolesione;Deceduto;DecedutoDopo;CinturaCascoUtilizzato;Airbag
1775729;4;28/09/2008 00:15;Strada Urbana;PIAZZA OTTAVIANO VIMERCATI;in corrispondenza;;del civico n. ;45;;Veicolo in marcia contro ostacolo fisso;Rettilineo;Una carreggiata a doppio senso;Asciutto;Asfaltata;Orizzontale;Sereno;Scarso;Buona;Sufficiente;0;0;0;3;;;-1;2;Autovettura privata;In marcia / fermata / arresto;Passeggero;M;Illeso;0;;Utilizzato;Inesistente
1775730;4;28/09/2008 16:45;Strada Urbana;VIA UGO OJETTI;da specificare;;;;altezza slargo nuove costruzioni;Veicolo in marcia contro ostacolo accidentale;Rettilineo;Una carreggiata a doppio senso;Asciutto;Asfaltata;Orizzontale;Sereno;Normale;Buona;Ore Diurne;0;0;0;2;;;-1;1;Autovettura privata;In marcia / fermata / arresto;Conducente;M;Illeso;0;;Non accertato;Inesistente
1775730;4;28/09/2008 16:45;Strada Urbana;VIA UGO OJETTI;da specificare;;;;altezza slargo nuove costruzioni;Veicolo in marcia contro ostacolo accidentale;Rettilineo;Una carreggiata a doppio senso;Asciutto;Asfaltata;Orizzontale;Sereno;Normale;Buona;Ore Diurne;0;0;0;2;;;-1;1;Autovettura privata;In marcia / fermata / arresto;Passeggero;M;Illeso;0;;Non accertato;Inesistente
1775731;5;11/09/2008 18:00;Strada Urbana;PIAZZA GASPARE AMBROSINI;in prossimità;;del civico n. ;45;;Scontro laterale fra veicoli in marcia;Curva a visuale libera;Una carreggiata a senso unico di marcia;Asciutto;Asfaltata;Orizzontale;Sereno;Normale;Buona;Ore Diurne;0;0;0;2;;;-1;1;Autovettura privata;In marcia / fermata / arresto;Conducente;F;Illeso;0;;Non accertato;Inesistente
1775731;5;11/09/2008 18:00;Strada Urbana;PIAZZA GASPARE AMBROSINI;in prossimità;;del civico n. ;45;;Scontro laterale fra veicoli in marcia;Curva a visuale libera;Una carreggiata a senso unico di marcia;Asciutto;Asfaltata;Orizzontale;Sereno;Normale;Buona;Ore Diurne;0;0;0;2;;;-1;3;Autovettura privata;In marcia / fermata / arresto;Conducente;F;Illeso;0;;Non accertato;Inesistente
1775732;5;16/09/2008 14:30;Strada Urbana;VIA BELMONTE IN SABINA;da specificare;;;;altezza inversionedi marcia per GRA;Scontro laterale fra veicoli in marcia;Rettilineo;Due carreggiate;Asciutto;Asfaltata;Verticale ed orizzontale;Sereno;Normale;Buona;Ore Diurne;2;0;0;1;;;-1;1;Autovettura privata;In marcia / fermata / arresto;Conducente;M;Rimandato;0;NON DECEDUTO;Non accertato;Inesistente
1775732;5;16/09/2008 14:30;Strada Urbana;VIA BELMONTE IN SABINA;da specificare;;;;altezza inversionedi marcia per GRA;Scontro laterale fra veicoli in marcia;Rettilineo;Due carreggiate;Asciutto;Asfaltata;Verticale ed orizzontale;Sereno;Normale;Buona;Ore Diurne;2;0;0;1;;;-1;1;Autovettura privata;In marcia / fermata / arresto;Passeggero;M;Illeso;0;;Non accertato;Inesistente
1775732;5;16/09/2008 14:30;Strada Urbana;VIA BELMONTE IN SABINA;da specificare;;;;altezza inversionedi marcia per GRA;Scontro laterale fra veicoli in marcia;Rettilineo;Due carreggiate;Asciutto;Asfaltata;Verticale ed orizzontale;Sereno;Normale;Buona;Ore Diurne;2;0;0;1;;;-1;2;Autovettura privata;In marcia / fermata / arresto;Conducente;M;Rimandato;0;NON DECEDUTO;Non accertato;Inesistente
1775734;6;30/09/2008 20:30;Strada Urbana;VIA DELLA MARRANELLA;in corrispondenza;;del civico n. ;68;;Veicolo in marcia contro veicoli fermi;Rettilineo;Una carreggiata a senso unico di marcia;Asciutto;Asfaltata;Assente;Sereno;Scarso;Sufficiente;Sufficiente;0;0;0;1;;;-1;1;Autovettura privata;In marcia / fermata / arresto;Conducente;F;Illeso;0;;Utilizzato;Inesistente
1775735;7;29/09/2008 08:07;Strada Urbana;VIA AMOS ZANIBELLI;all'intersezione con;VIA GIORGIO PERLASCA;VIA GIORGIO PERLASCA;;;Scontro frontale/laterale DX fra veicoli in marcia;Incrocio;Una carreggiata a doppio senso;Asciutto;Asfaltata;Verticale ed orizzontale;Sereno;Normale;Buona;Ore Diurne;0;0;0;2;;;-1;1;Autovettura privata;In marcia / fermata / arresto;Conducente;M;Illeso;0;;Non accertato;Inesistente
1775735;7;29/09/2008 08:07;Strada Urbana;VIA AMOS ZANIBELLI;all'intersezione con;VIA GIORGIO PERLASCA;VIA GIORGIO PERLASCA;;;Scontro frontale/laterale DX fra veicoli in marcia;Incrocio;Una carreggiata a doppio senso;Asciutto;Asfaltata;Verticale ed orizzontale;Sereno;Normale;Buona;Ore Diurne;0;0;0;2;;;-1;2;Autovettura privata;In marcia / fermata / arresto;Conducente;F;Illeso;0;;Non accertato;Inesploso
1775736;7;29/09/2008 20:45;Strada Urbana;VIALE PALMIRO TOGLIATTI;in corrispondenza;;del civico n. ;629;;Tamponamento Multiplo;Rettilineo;Due carreggiate;Asciutto;Asfaltata;Verticale ed orizzontale;Sereno;Normale;Buona;Sufficiente;0;0;0;3;;;-1;1;Autovettura privata;In marcia / fermata / arresto;Conducente;M;Illeso;0;;Non accertato;Inesploso
1775736;7;29/09/2008 20:45;Strada Urbana;VIALE PALMIRO TOGLIATTI;in corrispondenza;;del civico n. ;629;;Tamponamento Multiplo;Rettilineo;Due carreggiate;Asciutto;Asfaltata;Verticale ed orizzontale;Sereno;Normale;Buona;Sufficiente;0;0;0;3;;;-1;2;Autovettura privata;In marcia / fermata / arresto;Conducente;M;Illeso;0;;Non accertato;Inesploso
1775736;7;29/09/2008 20:45;Strada Urbana;VIALE PALMIRO TOGLIATTI;in corrispondenza;;del civico n. ;629;;Tamponamento Multiplo;Rettilineo;Due carreggiate;Asciutto;Asfaltata;Verticale ed orizzontale;Sereno;Normale;Buona;Sufficiente;0;0;0;3;;;-1;3;Autovettura privata;In marcia / fermata / arresto;Conducente;F;Illeso;0;;Non accertato;Inesploso
1775737;7;30/09/2008 10:00;Strada Urbana;PIAZZA DEI GERANI;in corrispondenza;;del civico n. ;56;;Scontro frontale/laterale DX fra veicoli in marcia;Rettilineo;Una carreggiata a senso unico di marcia;Asciutto;Asfaltata;Verticale ed orizzontale;Sereno;Normale;Buona;Ore Diurne;0;0;0;3;;;-1;1;Autovettura privata;In marcia / fermata / arresto;Conducente;F;Illeso;0;;Non accertato;Inesploso
1775737;7;30/09/2008 10:00;Strada Urbana;PIAZZA DEI GERANI;in corrispondenza;;del civico n. ;56;;Scontro frontale/laterale DX fra veicoli in marcia;Rettilineo;Una carreggiata a senso unico di marcia;Asciutto;Asfaltata;Verticale ed orizzontale;Sereno;Normale;Buona;Ore Diurne;0;0;0;3;;;-1;2;Ciclomotore;In marcia / fermata / arresto;Conducente;F;Illeso;0;;Non accertato;Inesistente
1775737;7;30/09/2008 10:00;Strada Urbana;PIAZZA DEI GERANI;in corrispondenza;;del civico n. ;56;;Scontro frontale/laterale DX fra veicoli in marcia;Rettilineo;Una carreggiata a senso unico di marcia;Asciutto;Asfaltata;Verticale ed orizzontale;Sereno;Normale;Buona;Ore Diurne;0;0;0;3;;;-1;2;Ciclomotore;In marcia / fermata / arresto;Passeggero;M;Illeso;0;;Non accertato;Inesistente
1775738;7;30/09/2008 13:30;Strada Urbana;VIA ARISTIDE STADERINI;all'intersezione con;VIA SENATORE BORLETTI;VIA SENATORE BORLETTI;;;Scontro frontale/laterale SX fra veicoli in marcia;Incrocio;Una carreggiata a doppio senso;Asciutto;Asfaltata;Verticale;Sereno;Scarso;Buona;Ore Diurne;0;0;0;3;;;-1;1;Autovettura privata;In marcia / fermata / arresto;Conducente;M;Illeso;0;;Non accertato;Inesistente
1775738;7;30/09/2008 13:30;Strada Urbana;VIA ARISTIDE STADERINI;all'intersezione con;VIA SENATORE BORLETTI;VIA SENATORE BORLETTI;;;Scontro frontale/laterale SX fra veicoli in marcia;Incrocio;Una carreggiata a doppio senso;Asciutto;Asfaltata;Verticale;Sereno;Scarso;Buona;Ore Diurne;0;0;0;3;;;-1;1;Autovettura privata;In marcia / fermata / arresto;Passeggero;F;Illeso;0;;Non accertato;Inesistente
1775738;7;30/09/2008 13:30;Strada Urbana;VIA ARISTIDE STADERINI;all'intersezione con;VIA SENATORE BORLETTI;VIA SENATORE BORLETTI;;;Scontro frontale/laterale SX fra veicoli in marcia;Incrocio;Una carreggiata a doppio senso;Asciutto;Asfaltata;Verticale;Sereno;Scarso;Buona;Ore Diurne;0;0;0;3;;;-1;2;Autovettura privata;In marcia / fermata / arresto;Conducente;F;Illeso;0;;Non accertato;Inesistente
1775739;7;30/09/2008 13:45;Strada Urbana;VIALE PALMIRO TOGLIATTI;all'intersezione semaforizzata con;VIA CASILINA;VIA CASILINA;;;Tamponamento;Intersezione semaforizzata;Due carreggiate;Asciutto;Asfaltata;Verticale ed orizzontale;Nuvoloso;Normale;Buona;Ore Diurne;0;0;0;2;;;-1;1;Ciclomotore;In marcia / fermata / arresto;Conducente;M;Illeso;0;;Non accertato;Inesistente
1775739;7;30/09/2008 13:45;Strada Urbana;VIALE PALMIRO TOGLIATTI;all'intersezione semaforizzata con;VIA CASILINA;VIA CASILINA;;;Tamponamento;Intersezione semaforizzata;Due carreggiate;Asciutto;Asfaltata;Verticale ed orizzontale;Nuvoloso;Normale;Buona;Ore Diurne;0;0;0;2;;;-1;2;Autovettura privata;In marcia / fermata / arresto;Conducente;F;Illeso;0;;Non accertato;Inesistente
1775740;8;30/09/2008 07:45;Strada Urbana;VIALE DELLA SORBONA;all'intersezione con;VIA COLUMBIA;VIA COLUMBIA;;;Scontro laterale fra veicoli in marcia;Rotatoria;Due carreggiate;Asciutto;Asfaltata;Verticale ed orizzontale;Sereno;Normale;Buona;Ore Diurne;0;0;0;2;;;-1;1;Autovettura privata;In marcia / fermata / arresto;Conducente;F;Illeso;0;;Non accertato;Inesistente
1775740;8;30/09/2008 07:45;Strada Urbana;VIALE DELLA SORBONA;all'intersezione con;VIA COLUMBIA;VIA COLUMBIA;;;Scontro laterale fra veicoli in marcia;Rotatoria;Due carreggiate;Asciutto;Asfaltata;Verticale ed orizzontale;Sereno;Normale;Buona;Ore Diurne;0;0;0;2;;;-1;2;Autovettura privata;In marcia / fermata / arresto;Conducente;M;Illeso;0;;Non accertato;Inesistente
1775741;8;30/09/2008 08:20;Strada Urbana;VIA POLENSE;all'intersezione con;VIA DI ROCCA CENCIA;VIA DI ROCCA CENCIA;;;Scontro laterale fra veicoli in marcia;Incrocio;Una carreggiata a doppio senso;Asciutto;Asfaltata;Verticale ed orizzontale;Sereno;Normale;Buona;Ore Diurne;0;0;0;2;;;-1;1;Autovettura privata;In marcia / fermata / arresto;Conducente;M;Illeso;0;;Non accertato;Inesploso
1775741;8;30/09/2008 08:20;Strada Urbana;VIA POLENSE;all'intersezione con;VIA DI ROCCA CENCIA;VIA DI ROCCA CENCIA;;;Scontro laterale fra veicoli in marcia;Incrocio;Una carreggiata a doppio senso;Asciutto;Asfaltata;Verticale ed orizzontale;Sereno;Normale;Buona;Ore Diurne;0;0;0;2;;;-1;2;Autovettura privata;In marcia / fermata / arresto;Conducente;M;Illeso;0;;Non accertato;Inesistente
1775742;8;30/09/2008 09:00;Strada Urbana;VIA WALTER TOBAGI;all'intersezione semaforizzata con;VIA DEI RUDERI DI CASA CALDA;VIA DEI RUDERI DI CASA CALDA;;;Scontro frontale/laterale SX fra veicoli in marcia;Intersezione semaforizzata;Una carreggiata a doppio senso;Asciutto;Asfaltata;Verticale ed orizzontale;Sereno;Normale;Buona;Ore Diurne;0;0;0;2;;;-1;1;Autovettura privata;In marcia / fermata / arresto;Conducente;M;Illeso;0;;Non accertato;Inesploso
1775742;8;30/09/2008 09:00;Strada Urbana;VIA WALTER TOBAGI;all'intersezione semaforizzata con;VIA DEI RUDERI DI CASA CALDA;VIA DEI RUDERI DI CASA CALDA;;;Scontro frontale/laterale SX fra veicoli in marcia;Intersezione semaforizzata;Una carreggiata a doppio senso;Asciutto;Asfaltata;Verticale ed orizzontale;Sereno;Normale;Buona;Ore Diurne;0;0;0;2;;;-1;2;Autovettura privata;In marcia / fermata / arresto;Conducente;M;Illeso;0;;Non accertato;Inesploso
1775743;8;30/09/2008 12:00;Strada Urbana;VIA BORGHESIANA;all'intersezione con;VIA GADONI;VIA GADONI;;;Investimento di pedone;Incrocio;Una carreggiata a doppio senso;Asciutto;Asfaltata;Verticale ed orizzontale;Sereno;Normale;Buona;Ore Diurne;1;0;0;1;;;-1;;;;Pedone;F;Ricoverato;0;NON DECEDUTO;;
1775743;8;30/09/2008 12:00;Strada Urbana;VIA BORGHESIANA;all'intersezione con;VIA GADONI;VIA GADONI;;;Investimento di pedone;Incrocio;Una carreggiata a doppio senso;Asciutto;Asfaltata;Verticale ed orizzontale;Sereno;Normale;Buona;Ore Diurne;1;0;0;1;;;-1;1;Autovettura privata;In marcia / fermata / arresto;Conducente;M;Illeso;0;;Non accertato;Inesistente
1775744;8;30/09/2008 13:20;Strada Urbana;VIA DI ROCCA CENCIA;all'intersezione con;VIA BENESTARE;VIA BENESTARE;;;Scontro frontale/laterale DX fra veicoli in marcia;Incrocio;Una carreggiata a doppio senso;Asciutto;Asfaltata;Assente;Sereno;Normale;Sufficiente;Ore Diurne;1;0;0;1;;;-1;1;Motociclo a solo;In marcia / fermata / arresto;Conducente;M;Rifiuta cure immediate;0;NON DECEDUTO;Non accertato;Inesistente
1775744;8;30/09/2008 13:20;Strada Urbana;VIA DI ROCCA CENCIA;all'intersezione con;VIA BENESTARE;VIA BENESTARE;;;Scontro frontale/laterale DX fra veicoli in marcia;Incrocio;Una carreggiata a doppio senso;Asciutto;Asfaltata;Assente;Sereno;Normale;Sufficiente;Ore Diurne;1;0;0;1;;;-1;2;Autovettura privata;In marcia / fermata / arresto;Conducente;F;Illeso;0;;Non accertato;Inesistente
1775745;8;30/09/2008 13:45;Strada Urbana;VIALE DELLA SORBONA;all'intersezione con;VIA COLUMBIA;VIA COLUMBIA;;;Scontro laterale fra veicoli in marcia;Rotatoria;Due carreggiate;Asciutto;Asfaltata;Verticale ed orizzontale;Sereno;Normale;Buona;Ore Diurne;0;0;0;2;;;-1;1;Autovettura privata;In marcia / fermata / arresto;Conducente;F;Illeso;0;;Non accertato;Inesistente
1775745;8;30/09/2008 13:45;Strada Urbana;VIALE DELLA SORBONA;all'intersezione con;VIA COLUMBIA;VIA COLUMBIA;;;Scontro laterale fra veicoli in marcia;Rotatoria;Due carreggiate;Asciutto;Asfaltata;Verticale ed orizzontale;Sereno;Normale;Buona;Ore Diurne;0;0;0;2;;;-1;2;Autovettura privata;In marcia / fermata / arresto;Conducente;M;Illeso;0;;Non accertato;Inesploso
1775746;8;30/09/2008 16:30;Strada Urbana;VIALE DELLA SORBONA;all'intersezione con;VIA COLUMBIA;VIA COLUMBIA;;;Scontro laterale fra veicoli in marcia;Rotatoria;Una carreggiata a senso unico di marcia;Asciutto;Asfaltata;Verticale ed orizzontale;Sereno;Normale;Sufficiente;Ore Diurne;0;0;0;3;;;-1;1;Autovettura privata;In marcia / fermata / arresto;Conducente;M;Illeso;0;;Non accertato;Inesploso
1775746;8;30/09/2008 16:30;Strada Urbana;VIALE DELLA SORBONA;all'intersezione con;VIA COLUMBIA;VIA COLUMBIA;;;Scontro laterale fra veicoli in marcia;Rotatoria;Una carreggiata a senso unico di marcia;Asciutto;Asfaltata;Verticale ed orizzontale;Sereno;Normale;Sufficiente;Ore Diurne;0;0;0;3;;;-1;1;Autovettura privata;In marcia / fermata / arresto;Passeggero;M;Illeso;0;;Non accertato;Inesistente
1775746;8;30/09/2008 16:30;Strada Urbana;VIALE DELLA SORBONA;all'intersezione con;VIA COLUMBIA;VIA COLUMBIA;;;Scontro laterale fra veicoli in marcia;Rotatoria;Una carreggiata a senso unico di marcia;Asciutto;Asfaltata;Verticale ed orizzontale;Sereno;Normale;Sufficiente;Ore Diurne;0;0;0;3;;;-1;2;Autovettura privata;In marcia / fermata / arresto;Conducente;F;Illeso;0;;Non accertato;Inesistente
1775747;8;30/09/2008 16:45;Strada Urbana;VIA MARCIO RUTILIO;all'intersezione con;VIA MARCO CALIDIO;VIA MARCO CALIDIO;;;Scontro frontale/laterale SX fra veicoli in marcia;Incrocio;Una carreggiata a doppio senso;Asciutto;Asfaltata;Verticale ed orizzontale;Sereno;Scarso;Buona;Ore Diurne;1;0;0;1;;;-1;1;Autovettura privata;In marcia / fermata / arresto;Conducente;M;Illeso;0;;Non accertato;Inesistente
1775747;8;30/09/2008 16:45;Strada Urbana;VIA MARCIO RUTILIO;all'intersezione con;VIA MARCO CALIDIO;VIA MARCO CALIDIO;;;Scontro frontale/laterale SX fra veicoli in marcia;Incrocio;Una carreggiata a doppio senso;Asciutto;Asfaltata;Verticale ed orizzontale;Sereno;Scarso;Buona;Ore Diurne;1;0;0;1;;;-1;2;Autovettura privata;In marcia / fermata / arresto;Conducente;M;Rifiuta cure immediate;0;NON DECEDUTO;Non accertato;Inesistente
1775748;8;30/09/2008 19:10;Strada Urbana;VIA MASSA DI SAN GIULIANO;all'intersezione con;VIA S. MARIA DI LORETO;VIA S. MARIA DI LORETO;;;Scontro frontale/laterale DX fra veicoli in marcia;Incrocio;Una carreggiata a doppio senso;Asciutto;Asfaltata;Verticale;Sereno;Normale;Buona;Ore Diurne;0;0;0;2;;;-1;1;Autovettura privata;In marcia / fermata / arresto;Conducente;M;Illeso;0;;Non accertato;Esploso
1775748;8;30/09/2008 19:10;Strada Urbana;VIA MASSA DI SAN GIULIANO;all'intersezione con;VIA S. MARIA DI LORETO;VIA S. MARIA DI LORETO;;;Scontro frontale/laterale DX fra veicoli in marcia;Incrocio;Una carreggiata a doppio senso;Asciutto;Asfaltata;Verticale;Sereno;Normale;Buona;Ore Diurne;0;0;0;2;;;-1;2;Autovettura privata;In marcia / fermata / arresto;Conducente;M;Illeso;0;;Non accertato;Inesploso
1775749;9;29/09/2008 12:30;;VIA TUSCOLANA;all'intersezione con;VIA DI PORTA FURBA;VIA DI PORTA FURBA;;;Scontro laterale fra veicoli in marcia;;;;;;;;;;0;0;0;1;;;0;1;Autocarro inferiore 35 q.;In marcia / fermata / arresto;Conducente;M;Illeso;0;;;Inesistente
1775750;9;30/09/2008 05:30;Strada Urbana;CIRCONVALLAZIONE APPIA;all'intersezione semaforizzata con;PIAZZA CAMILLO RE;PIAZZA CAMILLO RE;;;Scontro frontale/laterale DX fra veicoli in marcia;Intersezione semaforizzata;Una carreggiata a doppio senso;Asciutto;Asfaltata;Verticale ed orizzontale;Sereno;Scarso;Buona;Sufficiente;1;0;0;1;;;-1;1;Autocarro inferiore 35 q.;In marcia / fermata / arresto;Conducente;M;Illeso;0;;Non accertato;Inesistente
1775750;9;30/09/2008 05:30;Strada Urbana;CIRCONVALLAZIONE APPIA;all'intersezione semaforizzata con;PIAZZA CAMILLO RE;PIAZZA CAMILLO RE;;;Scontro frontale/laterale DX fra veicoli in marcia;Intersezione semaforizzata;Una carreggiata a doppio senso;Asciutto;Asfaltata;Verticale ed orizzontale;Sereno;Scarso;Buona;Sufficiente;1;0;0;1;;;-1;2;Motociclo a solo;In marcia / fermata / arresto;Conducente;M;Rimandato;0;NON DECEDUTO;Utilizzato;Inesistente
1775751;9;30/09/2008 09:30;Strada Urbana;VIA DELL'ARCO DI TRAVERTINO;in corrispondenza;;del  fronte civico n. ;21;;Scontro laterale fra veicoli in marcia;Rettilineo;Due carreggiate;Asciutto;Asfaltata;Assente;Sereno;Intenso;Buona;Ore Diurne;0;0;0;3;;;-1;1;Autovettura privata;In marcia / fermata / arresto;Conducente;M;Illeso;0;;Non accertato;Inesistente
1775751;9;30/09/2008 09:30;Strada Urbana;VIA DELL'ARCO DI TRAVERTINO;in corrispondenza;;del  fronte civico n. ;21;;Scontro laterale fra veicoli in marcia;Rettilineo;Due carreggiate;Asciutto;Asfaltata;Assente;Sereno;Intenso;Buona;Ore Diurne;0;0;0;3;;;-1;2;Motociclo con passeggero;In marcia / fermata / arresto;Conducente;M;Illeso;0;;Non accertato;Inesistente
1775751;9;30/09/2008 09:30;Strada Urbana;VIA DELL'ARCO DI TRAVERTINO;in corrispondenza;;del  fronte civico n. ;21;;Scontro laterale fra veicoli in marcia;Rettilineo;Due carreggiate;Asciutto;Asfaltata;Assente;Sereno;Intenso;Buona;Ore Diurne;0;0;0;3;;;-1;2;Motociclo con passeggero;In marcia / fermata / arresto;Passeggero;F;Illeso;0;;Non accertato;Inesistente
1775752;9;30/09/2008 19:20;Strada Urbana;VIA APPIA NUOVA;all'intersezione semaforizzata con;VIA MONDRAGONE;VIA MONDRAGONE;;;Scontro frontale/laterale DX fra veicoli in marcia;Incrocio;Una carreggiata a senso unico di marcia;Asciutto;Asfaltata;Verticale ed orizzontale;Sereno;Normale;Buona;Sufficiente;0;0;0;2;;;-1;1;Motociclo a solo;In marcia / fermata / arresto;Conducente;M;Illeso;0;;Non accertato;Inesistente
1775752;9;30/09/2008 19:20;Strada Urbana;VIA APPIA NUOVA;all'intersezione semaforizzata con;VIA MONDRAGONE;VIA MONDRAGONE;;;Scontro frontale/laterale DX fra veicoli in marcia;Incrocio;Una carreggiata a senso unico di marcia;Asciutto;Asfaltata;Verticale ed orizzontale;Sereno;Normale;Buona;Sufficiente;0;0;0;2;;;-1;2;Autovettura privata;In marcia / fermata / arresto;Conducente;M;Illeso;0;;Non accertato;Inesploso
1775753;9;30/09/2008 20:10;Strada Urbana;VIA TUSCOLANA;in prossimità;;del civico n. ;574;;Infortunio per caduta del veicolo;Rettilineo;Due carreggiate;Asciutto;Asfaltata;Verticale ed orizzontale;Sereno;Intenso;Buona;Sufficiente;1;0;0;4;;;-1;1;Autovettura privata;In marcia / fermata / arresto;Conducente;M;Illeso;0;;Non accertato;Inesistente
1775753;9;30/09/2008 20:10;Strada Urbana;VIA TUSCOLANA;in prossimità;;del civico n. ;574;;Infortunio per caduta del veicolo;Rettilineo;Due carreggiate;Asciutto;Asfaltata;Verticale ed orizzontale;Sereno;Intenso;Buona;Sufficiente;1;0;0;4;;;-1;1;Autovettura privata;In marcia / fermata / arresto;Passeggero;M;Illeso;0;;Non accertato;Inesistente
1775753;9;30/09/2008 20:10;Strada Urbana;VIA TUSCOLANA;in prossimità;;del civico n. ;574;;Infortunio per caduta del veicolo;Rettilineo;Due carreggiate;Asciutto;Asfaltata;Verticale ed orizzontale;Sereno;Intenso;Buona;Sufficiente;1;0;0;4;;;-1;2;Motociclo a solo;In marcia / fermata / arresto;Conducente;M;Rimandato;0;NON DECEDUTO;Non accertato;Inesistente
1775753;9;30/09/2008 20:10;Strada Urbana;VIA TUSCOLANA;in prossimità;;del civico n. ;574;;Infortunio per caduta del veicolo;Rettilineo;Due carreggiate;Asciutto;Asfaltata;Verticale ed orizzontale;Sereno;Intenso;Buona;Sufficiente;1;0;0;4;;;-1;3;Autovettura pubblica;In marcia / fermata / arresto;Conducente;M;Illeso;0;;Non accertato;Inesistente
1775753;9;30/09/2008 20:10;Strada Urbana;VIA TUSCOLANA;in prossimità;;del civico n. ;574;;Infortunio per caduta del veicolo;Rettilineo;Due carreggiate;Asciutto;Asfaltata;Verticale ed orizzontale;Sereno;Intenso;Buona;Sufficiente;1;0;0;4;;;-1;4;Autovettura privata;In marcia / fermata / arresto;Conducente;M;Illeso;0;;Non accertato;Inesistente
1775754;1;28/09/2008 00:30;Strada Urbana;LUNGOTEVERE AVENTINO;in corrispondenza;;del civico n. ;4;;Scontro laterale fra veicoli in marcia;Rettilineo;Una carreggiata a senso unico di marcia;Asciutto;Asfaltata;Verticale ed orizzontale;Sereno;Normale;Buona;Sufficiente;0;0;0;2;;;-1;1;Autovettura privata;In marcia / fermata / arresto;Conducente;M;Illeso;0;;Non accertato;Inesistente
1775754;1;28/09/2008 00:30;Strada Urbana;LUNGOTEVERE AVENTINO;in corrispondenza;;del civico n. ;4;;Scontro laterale fra veicoli in marcia;Rettilineo;Una carreggiata a senso unico di marcia;Asciutto;Asfaltata;Verticale ed orizzontale;Sereno;Normale;Buona;Sufficiente;0;0;0;2;;;-1;2;Autovettura privata;In marcia / fermata / arresto;Conducente;M;Illeso;0;;Non accertato;Inesistente
1775755;1;28/09/2008 10:00;Strada Urbana;VIA CELIMONTANA;in prossimità;;del civico n. ;2;;Veicolo in marcia contro veicoli in sosta;Rettilineo;Una carreggiata a senso unico di marcia;Asciutto;Asfaltata;Verticale ed orizzontale;Sereno;Normale;Buona;Ore Diurne;0;0;0;1;;;-1;1;Autovettura privata;In marcia / fermata / arresto;Conducente;M;Illeso;0;;Non accertato;Inesistente
1775756;1;28/09/2008 17:20;Strada Urbana;VIALE MANZONI;all'intersezione semaforizzata con;VIA EMANUELE FILIBERTO;VIA EMANUELE FILIBERTO;;;Tamponamento;Intersezione semaforizzata;Due carreggiate;Asciutto;Asfaltata;Verticale ed orizzontale;Sereno;Normale;Buona;Ore Diurne;0;0;0;2;;;-1;1;Autovettura privata;In marcia / fermata / arresto;Conducente;M;Illeso;0;;Non accertato;Inesistente
1775756;1;28/09/2008 17:20;Strada Urbana;VIALE MANZONI;all'intersezione semaforizzata con;VIA EMANUELE FILIBERTO;VIA EMANUELE FILIBERTO;;;Tamponamento;Intersezione semaforizzata;Due carreggiate;Asciutto;Asfaltata;Verticale ed orizzontale;Sereno;Normale;Buona;Ore Diurne;0;0;0;2;;;-1;2;Autovettura privata;In marcia / fermata / arresto;Conducente;M;Illeso;0;;Non accertato;Inesistente
1775757;1;28/09/2008 18:00;Strada Urbana;PIAZZA DI PORTA METRONIA;da specificare;;;;direzione VIA GALLIA;Scontro laterale fra veicoli in marcia;Rettilineo;Una carreggiata a doppio senso;Asciutto;Asfaltata;Verticale ed orizzontale;Sereno;Scarso;Buona;Sufficiente;0;0;0;2;;;-1;1;Autovettura privata;In marcia / fermata / arresto;Conducente;M;Illeso;0;;Non accertato;Inesistente
1775757;1;28/09/2008 18:00;Strada Urbana;PIAZZA DI PORTA METRONIA;da specificare;;;;direzione VIA GALLIA;Scontro laterale fra veicoli in marcia;Rettilineo;Una carreggiata a doppio senso;Asciutto;Asfaltata;Verticale ed orizzontale;Sereno;Scarso;Buona;Sufficiente;0;0;0;2;;;-1;2;Autovettura privata;In marcia / fermata / arresto;Conducente;M;Illeso;0;;Non accertato;Inesistente
1775758;1;28/09/2008 21:40;Strada Urbana;VIA GIOBERTI;all'intersezione con;VIA GIOVANNI GIOLITTI;VIA GIOVANNI GIOLITTI;;;Scontro laterale fra veicoli in marcia;Incrocio;Una carreggiata a senso unico di marcia;Asciutto;Acciotolata;Verticale ed orizzontale;Sereno;Intenso;Buona;Sufficiente;0;0;0;2;;;-1;1;Autovettura pubblica;In marcia / fermata / arresto;Conducente;M;Illeso;0;;Non accertato;Inesistente