Protocollo;Gruppo;DataOraIncidente;Localizzazione1;STRADA1;Localizzazione2;STRADA2;Strada02;Chilometrica;DaSpecificare;NaturaIncidente;particolaritastrade;TipoStrada;FondoStradale;Pavimentazione;Segnaletica;CondizioneAtmosferica;Traffico;Visibilita;Illuminazione;NUM_FERITI;NUM_RISERVATA;NUM_MORTI;NUM_ILLESI;Longitudine;Latitudine;Confermato;Progressivo;TipoVeicolo;StatoVeicolo;TipoPersona;Sesso;Tipolesione;Deceduto;DecedutoDopo;CinturaCascoUtilizzato;Airbag
1777317;2;06/09/2008 22:15;Strada Urbana;VIA DEL FORO ITALICO;all'intersezione con;VIA SALARIA;VIA SALARIA;;;Tamponamento;Incrocio;Due carreggiate;Asciutto;Asfaltata;Verticale ed orizzontale;Sereno;Normale;Sufficiente;Sufficiente;1;0;0;3;;;-1;2;Motociclo con passeggero;In marcia / fermata / arresto;Passeggero;M;Illeso;0;;Non accertato;Inesistente
1777318;2;06/09/2008 18:50;Strada Urbana;VIA LUISA DI SAVOIA;all'intersezione con;VIA PRINCIPESSA CLOTILDE;VIA PRINCIPESSA CLOTILDE;;;Scontro laterale fra veicoli in marcia;Intersezione stradale segnalata;Due carreggiate;Asciutto;Asfaltata;Orizzontale;Sereno;Normale;Buona;Ore Diurne;0;0;0;3;;;-1;1;Autovettura privata;In marcia / fermata / arresto;Conducente;F;Illeso;0;;Non accertato;Inesistente
1777318;2;06/09/2008 18:50;Strada Urbana;VIA LUISA DI SAVOIA;all'intersezione con;VIA PRINCIPESSA CLOTILDE;VIA PRINCIPESSA CLOTILDE;;;Scontro laterale fra veicoli in marcia;Intersezione stradale segnalata;Due carreggiate;Asciutto;Asfaltata;Orizzontale;Sereno;Normale;Buona;Ore Diurne;0;0;0;3;;;-1;1;Autovettura privata;In marcia / fermata / arresto;Passeggero;M;Illeso;0;;Non accertato;Inesistente
1777318;2;06/09/2008 18:50;Strada Urbana;VIA LUISA DI SAVOIA;all'intersezione con;VIA PRINCIPESSA CLOTILDE;VIA PRINCIPESSA CLOTILDE;;;Scontro laterale fra veicoli in marcia;Intersezione stradale segnalata;Due carreggiate;Asciutto;Asfaltata;Orizzontale;Sereno;Normale;Buona;Ore Diurne;0;0;0;3;;;-1;2;Motociclo a solo;In marcia / fermata / arresto;Conducente;M;Illeso;0;;Non accertato;Inesistente
1777319;2;07/09/2008 19:10;Strada Urbana;PIAZZA EUCLIDE;in corrispondenza;;del civico n. ;7;;Veicolo in marcia contro veicolo in sosta;Rettilineo;Una carreggiata a senso unico di marcia;Asciutto;Asfaltata;Orizzontale;Sereno;Normale;Buona;Ore Diurne;0;0;0;1;;;-1;1;Quadriciclo leggero;In marcia / fermata / arresto;Conducente;M;Illeso;0;;Non accertato;Inesistente
1777320;2;07/09/2008 16:35;Strada Urbana;LUNGOTEVERE ARNALDO DA BRESCIA;in corrispondenza;;del palo luce n. ;21;;Scontro laterale fra veicoli in marcia;Rettilineo;Una carreggiata a senso unico di marcia;Asciutto;Asfaltata;Assente;Sereno;Scarso;Buona;Ore Diurne;0;0;0;3;;;-1;1;Autovettura privata;In marcia / fermata / arresto;Conducente;M;Illeso;0;;Non accertato;Inesistente
1777320;2;07/09/2008 16:35;Strada Urbana;LUNGOTEVERE ARNALDO DA BRESCIA;in corrispondenza;;del palo luce n. ;21;;Scontro laterale fra veicoli in marcia;Rettilineo;Una carreggiata a senso unico di marcia;Asciutto;Asfaltata;Assente;Sereno;Scarso;Buona;Ore Diurne;0;0;0;3;;;-1;1;Autovettura privata;In marcia / fermata / arresto;Passeggero;F;Illeso;0;;Non accertato;Inesistente
1777320;2;07/09/2008 16:35;Strada Urbana;LUNGOTEVERE ARNALDO DA BRESCIA;in corrispondenza;;del palo luce n. ;21;;Scontro laterale fra veicoli in marcia;Rettilineo;Una carreggiata a senso unico di marcia;Asciutto;Asfaltata;Assente;Sereno;Scarso;Buona;Ore Diurne;0;0;0;3;;;-1;2;Quadriciclo leggero;In marcia / fermata / arresto;Conducente;F;Illeso;0;;Non accertato;Inesistente
1777321;2;07/09/2008 20:30;Strada Urbana;VIA DEL FORO ITALICO;da specificare;;;;fronte civico 605 direzione via Salaria;Infortunio per caduta del veicolo;Curva a visuale libera;Due carreggiate;Asciutto;Asfaltata;Verticale ed orizzontale;Sereno;Normale;Buona;Insufficiente;1;0;0;0;;;-1;1;Motociclo a solo;In marcia / fermata / arresto;Conducente;M;Ricoverato;0;NON DECEDUTO;Non accertato;Inesistente
1777322;2;08/09/2008 08:35;Strada Urbana;VIA NOMENTANA;da specificare;;;;alt. svincolo C.ne Nomentana direzione P. Sempione;Infortunio per sola frenata improvvisa;Rettilineo;Due carreggiate;Asciutto;Asfaltata;Verticale ed orizzontale;Sereno;Normale;Buona;Ore Diurne;1;0;0;0;;;-1;1;Motociclo a solo;In marcia / fermata / arresto;Conducente;M;Ricoverato;0;NON DECEDUTO;Non accertato;Inesistente
1777323;2;08/09/2008 11:30;Strada Urbana;VIALE LIEGI;all'intersezione semaforizzata con;PIAZZA UNGHERIA;PIAZZA UNGHERIA;;;Scontro laterale fra veicoli in marcia;Intersezione semaforizzata;Una carreggiata a doppio senso;Asciutto;Asfaltata;Verticale ed orizzontale;Sereno;Normale;Buona;Ore Diurne;1;0;0;1;;;-1;1;Motociclo a solo;In marcia / fermata / arresto;Conducente;M;Rimandato;0;NON DECEDUTO;Non accertato;Inesistente
1777323;2;08/09/2008 11:30;Strada Urbana;VIALE LIEGI;all'intersezione semaforizzata con;PIAZZA UNGHERIA;PIAZZA UNGHERIA;;;Scontro laterale fra veicoli in marcia;Intersezione semaforizzata;Una carreggiata a doppio senso;Asciutto;Asfaltata;Verticale ed orizzontale;Sereno;Normale;Buona;Ore Diurne;1;0;0;1;;;-1;2;Autovettura privata;In marcia / fermata / arresto;Conducente;M;Illeso;0;;Non accertato;Inesistente
1777325;2;08/09/2008 08:50;Strada Urbana;PIAZZA DI S. EMERENZIANA;all'intersezione con;VIA COLLALTO SABINO;VIA COLLALTO SABINO;;;Scontro frontale/laterale SX fra veicoli in marcia;Intersezione stradale segnalata;Una carreggiata a senso unico di marcia;Asciutto;Asfaltata;Verticale ed orizzontale;Sereno;Intenso;Buona;Ore Diurne;0;0;0;4;;;-1;1;Autocarro inferiore 35 q.;In marcia / fermata / arresto;Conducente;M;Illeso;0;;Non accertato;Inesistente
1777325;2;08/09/2008 08:50;Strada Urbana;PIAZZA DI S. EMERENZIANA;all'intersezione con;VIA COLLALTO SABINO;VIA COLLALTO SABINO;;;Scontro frontale/laterale SX fra veicoli in marcia;Intersezione stradale segnalata;Una carreggiata a senso unico di marcia;Asciutto;Asfaltata;Verticale ed orizzontale;Sereno;Intenso;Buona;Ore Diurne;0;0;0;4;;;-1;1;Autocarro inferiore 35 q.;In marcia / fermata / arresto;Passeggero;M;Illeso;0;;Non accertato;Inesistente
1777325;2;08/09/2008 08:50;Strada Urbana;PIAZZA DI S. EMERENZIANA;all'intersezione con;VIA COLLALTO SABINO;VIA COLLALTO SABINO;;;Scontro frontale/laterale SX fra veicoli in marcia;Intersezione stradale segnalata;Una carreggiata a senso unico di marcia;Asciutto;Asfaltata;Verticale ed orizzontale;Sereno;Intenso;Buona;Ore Diurne;0;0;0;4;;;-1;2;Autovettura privata;In marcia / fermata / arresto;Conducente;F;Illeso;0;;Non accertato;Inesistente
1777325;2;08/09/2008 08:50;Strada Urbana;PIAZZA DI S. EMERENZIANA;all'intersezione con;VIA COLLALTO SABINO;VIA COLLALTO SABINO;;;Scontro frontale/laterale SX fra veicoli in marcia;Intersezione stradale segnalata;Una carreggiata a senso unico di marcia;Asciutto;Asfaltata;Verticale ed orizzontale;Sereno;Intenso;Buona;Ore Diurne;0;0;0;4;;;-1;3;Autovettura privata;In marcia / fermata / arresto;Conducente;F;Illeso;0;;Non accertato;Inesistente
1777326;2;08/09/2008 10:50;Strada Urbana;VIA MONTEBUONO;all'intersezione con;VIA STIMIGLIANO;VIA STIMIGLIANO;;;Infortunio per caduta del veicolo;Intersezione stradale segnalata;Una carreggiata a senso unico di marcia;Asciutto;Strada pavimentata dissestata;Verticale;Sereno;Normale;Buona;Ore Diurne;1;0;0;0;;;-1;1;Motociclo a solo;In marcia / fermata / arresto;Conducente;F;Rimandato;0;NON DECEDUTO;Non accertato;Inesistente
1777327;2;09/09/2008 10:20;Strada Urbana;VIA DEL FORO ITALICO;in prossimità;;del palo luce n. ;298;;Tamponamento Multiplo;Rettilineo;Due carreggiate;Asciutto;Asfaltata;Verticale ed orizzontale;Sereno;Normale;Buona;Ore Diurne;0;0;0;4;;;-1;1;Autovettura privata;In marcia / fermata / arresto;Conducente;M;Illeso;0;;Non accertato;Inesistente
1777327;2;09/09/2008 10:20;Strada Urbana;VIA DEL FORO ITALICO;in prossimità;;del palo luce n. ;298;;Tamponamento Multiplo;Rettilineo;Due carreggiate;Asciutto;Asfaltata;Verticale ed orizzontale;Sereno;Normale;Buona;Ore Diurne;0;0;0;4;;;-1;2;Autovettura privata;In marcia / fermata / arresto;Conducente;M;Illeso;0;;Non accertato;Inesistente
1777327;2;09/09/2008 10:20;Strada Urbana;VIA DEL FORO ITALICO;in prossimità;;del palo luce n. ;298;;Tamponamento Multiplo;Rettilineo;Due carreggiate;Asciutto;Asfaltata;Verticale ed orizzontale;Sereno;Normale;Buona;Ore Diurne;0;0;0;4;;;-1;3;Autovettura privata;In marcia / fermata / arresto;Conducente;M;Illeso;0;;Non accertato;Inesistente
1777327;2;09/09/2008 10:20;Strada Urbana;VIA DEL FORO ITALICO;in prossimità;;del palo luce n. ;298;;Tamponamento Multiplo;Rettilineo;Due carreggiate;Asciutto;Asfaltata;Verticale ed orizzontale;Sereno;Normale;Buona;Ore Diurne;0;0;0;4;;;-1;4;Autovettura privata;In marcia / fermata / arresto;Conducente;F;Illeso;0;;Non accertato;Inesistente
1777328;2;09/09/2008 12:10;Strada Urbana;LUNGOTEVERE FLAMINIO;all'intersezione con;VIA LUIGI CANINA;VIA LUIGI CANINA;;;Scontro frontale/laterale SX fra veicoli in marcia;Incrocio;Una carreggiata a doppio senso;Asciutto;Asfaltata;Verticale ed orizzontale;Sereno;Normale;Buona;Ore Diurne;2;0;0;1;;;-1;1;Motociclo con passeggero;In marcia / fermata / arresto;Conducente;M;Rifiuta cure immediate;0;NON DECEDUTO;Non accertato;Inesistente
1777328;2;09/09/2008 12:10;Strada Urbana;LUNGOTEVERE FLAMINIO;all'intersezione con;VIA LUIGI CANINA;VIA LUIGI CANINA;;;Scontro frontale/laterale SX fra veicoli in marcia;Incrocio;Una carreggiata a doppio senso;Asciutto;Asfaltata;Verticale ed orizzontale;Sereno;Normale;Buona;Ore Diurne;2;0;0;1;;;-1;1;Motociclo con passeggero;In marcia / fermata / arresto;Passeggero;M;Rifiuta cure immediate;0;NON DECEDUTO;Non accertato;Inesistente
1777328;2;09/09/2008 12:10;Strada Urbana;LUNGOTEVERE FLAMINIO;all'intersezione con;VIA LUIGI CANINA;VIA LUIGI CANINA;;;Scontro frontale/laterale SX fra veicoli in marcia;Incrocio;Una carreggiata a doppio senso;Asciutto;Asfaltata;Verticale ed orizzontale;Sereno;Normale;Buona;Ore Diurne;2;0;0;1;;;-1;2;Autovettura privata;In marcia / fermata / arresto;Conducente;F;Illeso;0;;Non accertato;Inesistente
1777329;2;09/09/2008 01:00;Strada Urbana;LUNGOTEVERE FLAMINIO;in corrispondenza;;del civico n. ;42;;Scontro frontale/laterale SX fra veicoli in marcia;Rettilineo;Una carreggiata a doppio senso;Asciutto;Asfaltata;Orizzontale;Sereno;Scarso;Buona;Sufficiente;0;0;0;3;;;-1;1;Autovettura privata;In marcia / fermata / arresto;Conducente;M;Illeso;0;;Non accertato;Inesistente
1777329;2;09/09/2008 01:00;Strada Urbana;LUNGOTEVERE FLAMINIO;in corrispondenza;;del civico n. ;42;;Scontro frontale/laterale SX fra veicoli in marcia;Rettilineo;Una carreggiata a doppio senso;Asciutto;Asfaltata;Orizzontale;Sereno;Scarso;Buona;Sufficiente;0;0;0;3;;;-1;1;Autovettura privata;In marcia / fermata / arresto;Passeggero;M;Illeso;0;;Non accertato;Inesistente
1777329;2;09/09/2008 01:00;Strada Urbana;LUNGOTEVERE FLAMINIO;in corrispondenza;;del civico n. ;42;;Scontro frontale/laterale SX fra veicoli in marcia;Rettilineo;Una carreggiata a doppio senso;Asciutto;Asfaltata;Orizzontale;Sereno;Scarso;Buona;Sufficiente;0;0;0;3;;;-1;2;Autovettura privata;In marcia / fermata / arresto;Conducente;M;Illeso;0;;Non accertato;Inesistente
1777331;2;09/09/2008 19:00;Strada Urbana;CORSO TRIESTE;in corrispondenza;;del civico n. ;44;;Scontro laterale fra veicoli in marcia;Rettilineo;Due carreggiate;Asciutto;Asfaltata;Verticale ed orizzontale;Sereno;Normale;Buona;Ore Diurne;0;0;0;3;;;-1;1;Autovettura privata;In marcia / fermata / arresto;Conducente;M;Illeso;0;;Non accertato;Inesistente
1777331;2;09/09/2008 19:00;Strada Urbana;CORSO TRIESTE;in corrispondenza;;del civico n. ;44;;Scontro laterale fra veicoli in marcia;Rettilineo;Due carreggiate;Asciutto;Asfaltata;Verticale ed orizzontale;Sereno;Normale;Buona;Ore Diurne;0;0;0;3;;;-1;1;Autovettura privata;In marcia / fermata / arresto;Passeggero;M;Illeso;0;;Non accertato;Inesistente
1777331;2;09/09/2008 19:00;Strada Urbana;CORSO TRIESTE;in corrispondenza;;del civico n. ;44;;Scontro laterale fra veicoli in marcia;Rettilineo;Due carreggiate;Asciutto;Asfaltata;Verticale ed orizzontale;Sereno;Normale;Buona;Ore Diurne;0;0;0;3;;;-1;2;Velocipede;In marcia / fermata / arresto;Conducente;M;Illeso;0;;Non accertato;Inesistente
1777332;2;09/09/2008 11:30;Strada Urbana;VIA DEL FORO ITALICO;da specificare;;;;DI FRONTE A VIALE DELLA MOSCHEA;Tamponamento;Rettilineo;Due carreggiate;Asciutto;Asfaltata;Verticale ed orizzontale;Sereno;Intenso;Buona;Ore Diurne;1;0;0;1;;;-1;1;Motociclo a solo;In marcia / fermata / arresto;Conducente;M;Rimandato;0;NON DECEDUTO;Non accertato;Inesistente
1777332;2;09/09/2008 11:30;Strada Urbana;VIA DEL FORO ITALICO;da specificare;;;;DI FRONTE A VIALE DELLA MOSCHEA;Tamponamento;Rettilineo;Due carreggiate;Asciutto;Asfaltata;Verticale ed orizzontale;Sereno;Intenso;Buona;Ore Diurne;1;0;0;1;;;-1;2;Autovettura privata;In marcia / fermata / arresto;Conducente;M;Illeso;0;;Non accertato;Inesistente
1777333;2;10/09/2008 04:00;Strada Urbana;VIA FLAMINIA;da specificare;;;;ALTEZZA CAVALCAVIA SAXA RUBRA;Veicolo in marcia contro ostacolo fisso;Curva a visuale libera;Due carreggiate;Asciutto;Asfaltata;Orizzontale;Sereno;Scarso;Buona;Sufficiente;0;0;1;0;;;-1;1;Autovettura privata;In marcia / fermata / arresto;Conducente;M;Deceduto sul posto;-1;;Non accertato;Inesistente
1777334;2;10/09/2008 09:35;Strada Urbana;CIRCONVALLAZIONE NOMENTANA;all'intersezione con;VIA NOMENTANA;VIA NOMENTANA;;;Tamponamento;Incrocio;Una carreggiata a doppio senso;Asciutto;Asfaltata;Verticale ed orizzontale;Sereno;Normale;Buona;Ore Diurne;1;0;0;1;;;-1;1;Autovettura privata;In marcia / fermata / arresto;Conducente;M;Illeso;0;;Esente;Inesploso
1777334;2;10/09/2008 09:35;Strada Urbana;CIRCONVALLAZIONE NOMENTANA;all'intersezione con;VIA NOMENTANA;VIA NOMENTANA;;;Tamponamento;Incrocio;Una carreggiata a doppio senso;Asciutto;Asfaltata;Verticale ed orizzontale;Sereno;Normale;Buona;Ore Diurne;1;0;0;1;;;-1;2;Autovettura di polizia;In marcia / fermata / arresto;Conducente;M;Rifiuta cure immediate;0;NON DECEDUTO;Non accertato;Inesistente
1777335;2;10/09/2008 12:30;Strada Urbana;LUNGOTEVERE DELLE NAVI;da specificare;;;;altezza Via Gravina;Scontro laterale fra veicoli in marcia;Rettilineo;Una carreggiata a senso unico di marcia;Asciutto;Asfaltata;Verticale ed orizzontale;Sereno;Normale;Buona;Ore Diurne;0;0;0;2;;;-1;1;Autocarro inferiore 35 q.;In marcia / fermata / arresto;Conducente;M;Illeso;0;;Non accertato;Inesistente
1777335;2;10/09/2008 12:30;Strada Urbana;LUNGOTEVERE DELLE NAVI;da specificare;;;;altezza Via Gravina;Scontro laterale fra veicoli in marcia;Rettilineo;Una carreggiata a senso unico di marcia;Asciutto;Asfaltata;Verticale ed orizzontale;Sereno;Normale;Buona;Ore Diurne;0;0;0;2;;;-1;2;Autovettura pubblica;In marcia / fermata / arresto;Conducente;M;Illeso;0;;Non accertato;Inesistente
1777336;2;10/09/2008 14:35;Strada Urbana;VIA FLAMINIA;all'intersezione semaforizzata con;PIAZZALE DELLE BELLE ARTI;PIAZZALE DELLE BELLE ARTI;;;Scontro frontale/laterale SX fra veicoli in marcia;Intersezione semaforizzata;Più di due carreggiate;Asciutto;Asfaltata;Verticale ed orizzontale;Sereno;Normale;Buona;Ore Diurne;1;0;0;2;;;-1;1;Motociclo a solo;In marcia / fermata / arresto;Conducente;M;Rimandato;0;NON DECEDUTO;Non accertato;Inesistente
1777336;2;10/09/2008 14:35;Strada Urbana;VIA FLAMINIA;all'intersezione semaforizzata con;PIAZZALE DELLE BELLE ARTI;PIAZZALE DELLE BELLE ARTI;;;Scontro frontale/laterale SX fra veicoli in marcia;Intersezione semaforizzata;Più di due carreggiate;Asciutto;Asfaltata;Verticale ed orizzontale;Sereno;Normale;Buona;Ore Diurne;1;0;0;2;;;-1;2;Autovettura di polizia;In marcia / fermata / arresto;Conducente;M;Illeso;0;;Non accertato;Inesploso
1777336;2;10/09/2008 14:35;Strada Urbana;VIA FLAMINIA;all'intersezione semaforizzata con;PIAZZALE DELLE BELLE ARTI;PIAZZALE DELLE BELLE ARTI;;;Scontro frontale/laterale SX fra veicoli in marcia;Intersezione semaforizzata;Più di due carreggiate;Asciutto;Asfaltata;Verticale ed orizzontale;Sereno;Normale;Buona;Ore Diurne;1;0;0;2;;;-1;2;Autovettura di polizia;In marcia / fermata / arresto;Passeggero;M;Illeso;0;;Non accertato;Inesploso
1777337;2;10/09/2008 18:00;Strada Urbana;VIA NEMORENSE;in corrispondenza;;del civico n. ;51/F;;Scontro frontale/laterale SX fra veicoli in marcia;Curva a visuale libera;Una carreggiata a doppio senso;Asciutto;Asfaltata;Orizzontale;Sereno;Normale;Buona;Ore Diurne;0;0;0;2;;;-1;1;Autovettura privata;In marcia / fermata / arresto;Conducente;F;Illeso;0;;Non accertato;Inesploso
1777337;2;10/09/2008 18:00;Strada Urbana;VIA NEMORENSE;in corrispondenza;;del civico n. ;51/F;;Scontro frontale/laterale SX fra veicoli in marcia;Curva a visuale libera;Una carreggiata a doppio senso;Asciutto;Asfaltata;Orizzontale;Sereno;Normale;Buona;Ore Diurne;0;0;0;2;;;-1;2;Autovettura privata;In marcia / fermata / arresto;Conducente;M;Illeso;0;;Non accertato;Inesploso
1777338;2;10/09/2008 11:10;Strada Urbana;VIA PO;in corrispondenza;;del civico n. ;98/A;;Scontro frontale/laterale SX fra veicoli in marcia;Rettilineo;Una carreggiata a doppio senso;Asciutto;Asfaltata;Orizzontale;Sereno;Normale;Buona;Ore Diurne;1;0;0;2;;;-1;1;Autovettura privata;In marcia / fermata / arresto;Conducente;M;Illeso;0;;Non accertato;Inesistente
1777338;2;10/09/2008 11:10;Strada Urbana;VIA PO;in corrispondenza;;del civico n. ;98/A;;Scontro frontale/laterale SX fra veicoli in marcia;Rettilineo;Una carreggiata a doppio senso;Asciutto;Asfaltata;Orizzontale;Sereno;Normale;Buona;Ore Diurne;1;0;0;2;;;-1;1;Autovettura privata;In marcia / fermata / arresto;Passeggero;F;Illeso;0;;Non accertato;Inesistente
1777338;2;10/09/2008 11:10;Strada Urbana;VIA PO;in corrispondenza;;del civico n. ;98/A;;Scontro frontale/laterale SX fra veicoli in marcia;Rettilineo;Una carreggiata a doppio senso;Asciutto;Asfaltata;Orizzontale;Sereno;Normale;Buona;Ore Diurne;1;0;0;2;;;-1;2;Motociclo a solo;In marcia / fermata / arresto;Conducente;M;Rimandato;0;NON DECEDUTO;Non accertato;Inesistente
1777340;2;10/09/2008 17:40;Strada Urbana;VIALE PARIOLI;all'intersezione semaforizzata con;VIA GUALTIERO CASTELLINI;VIA GUALTIERO CASTELLINI;;;Veicolo in marcia contro veicolo in sosta;Intersezione semaforizzata;Due carreggiate;Asciutto;Asfaltata;Verticale ed orizzontale;Sereno;Intenso;Buona;Ore Diurne;0;0;0;1;;;-1;1;Autovettura privata;In marcia / fermata / arresto;Conducente;F;Illeso;0;;Non accertato;Inesistente
1777341;2;10/09/2008 11:45;Strada Urbana;VIA CHIANA;all'intersezione con;VIA LARIANA;VIA LARIANA;;;Scontro frontale/laterale SX fra veicoli in marcia;Incrocio;Una carreggiata a senso unico di marcia;Asciutto;Asfaltata;Verticale ed orizzontale;Sereno;Normale;Buona;Ore Diurne;1;0;0;1;;;-1;1;Autovettura privata;In marcia / fermata / arresto;Conducente;M;Illeso;0;;Non accertato;Inesistente
1777341;2;10/09/2008 11:45;Strada Urbana;VIA CHIANA;all'intersezione con;VIA LARIANA;VIA LARIANA;;;Scontro frontale/laterale SX fra veicoli in marcia;Incrocio;Una carreggiata a senso unico di marcia;Asciutto;Asfaltata;Verticale ed orizzontale;Sereno;Normale;Buona;Ore Diurne;1;0;0;1;;;-1;2;Motociclo a solo;In marcia / fermata / arresto;Conducente;M;Rimandato;0;NON DECEDUTO;Non accertato;Inesistente
1777342;2;11/09/2008 09:30;Strada Urbana;CORSO TRIESTE;in prossimità;;del civico n. ;148;;Infortunio per caduta del veicolo;Curva a visuale libera;Una carreggiata a senso unico di marcia;Asciutto;Asfaltata;Verticale ed orizzontale;Sereno;Normale;Buona;Ore Diurne;1;0;0;0;;;-1;1;Motociclo a solo;In marcia / fermata / arresto;Conducente;M;Rifiuta cure immediate;0;NON DECEDUTO;Non accertato;Inesistente
1777343;2;11/09/2008 11:00;Strada Urbana;VIALE LIEGI;in prossimità;;del civico n. ;5;;Investimento di pedone;Rettilineo;Una carreggiata a doppio senso;Asciutto;Asfaltata;Verticale ed orizzontale;Sereno;Normale;Buona;Ore Diurne;1;1;0;0;;;-1;;;;Pedone;M;Prognosi riservata;0;NON DECEDUTO;;
1777343;2;11/09/2008 11:00;Strada Urbana;VIALE LIEGI;in prossimità;;del civico n. ;5;;Investimento di pedone;Rettilineo;Una carreggiata a doppio senso;Asciutto;Asfaltata;Verticale ed orizzontale;Sereno;Normale;Buona;Ore Diurne;1;1;0;0;;;-1;1;Motociclo a solo;In marcia / fermata / arresto;Conducente;M;Rifiuta cure immediate;0;NON DECEDUTO;Non accertato;Inesistente
1777344;2;11/09/2008 13:00;Strada Urbana;VIA MIGIURTINIA;all'intersezione con;VIA GIARABUB;VIA GIARABUB;;;Scontro frontale/laterale SX fra veicoli in marcia;Incrocio;Una carreggiata a senso unico di marcia;Asciutto;Asfaltata;Verticale ed orizzontale;Sereno;Normale;Buona;Ore Diurne;1;0;0;1;;;-1;1;Autovettura privata;In marcia / fermata / arresto;Conducente;M;Illeso;0;;Non accertato;Inesistente
1777344;2;11/09/2008 13:00;Strada Urbana;VIA MIGIURTINIA;all'intersezione con;VIA GIARABUB;VIA GIARABUB;;;Scontro frontale/laterale SX fra veicoli in marcia;Incrocio;Una carreggiata a senso unico di marcia;Asciutto;Asfaltata;Verticale ed orizzontale;Sereno;Normale;Buona;Ore Diurne;1;0;0;1;;;-1;2;Ciclomotore;In marcia / fermata / arresto;Conducente;F;Rimandato;0;NON DECEDUTO;Non accertato;Inesistente
1777345;2;11/09/2008 22:50;Strada Urbana;CORSO D'ITALIA;da specificare;;;;ALTEZZA FORNICI DI VIA VENETO;Tamponamento;Rettilineo;Una carreggiata a senso unico di marcia;Asciutto;Asfaltata;Verticale ed orizzontale;Sereno;Normale;Buona;Sufficiente;0;0;0;2;;;-1;1;Autovettura privata;In marcia / fermata / arresto;Conducente;M;Illeso;0;;Non accertato;Inesistente
1777345;2;11/09/2008 22:50;Strada Urbana;CORSO D'ITALIA;da specificare;;;;ALTEZZA FORNICI DI VIA VENETO;Tamponamento;Rettilineo;Una carreggiata a senso unico di marcia;Asciutto;Asfaltata;Verticale ed orizzontale;Sereno;Normale;Buona;Sufficiente;0;0;0;2;;;-1;2;Autovettura privata;In marcia / fermata / arresto;Conducente;M;Illeso;0;;Non accertato;Inesistente
1777346;2;11/09/2008 10:15;Strada Urbana;CORSO D'ITALIA;da specificare;;;;Sottovia altezza Via Puccini dir P.le Flaminio;Scontro laterale fra veicoli in marcia;Curva a visuale libera;Due carreggiate;Asciutto;Asfaltata;Verticale ed orizzontale;Sereno;Normale;Buona;Ore Diurne;1;0;0;1;;;-1;1;Autovettura privata;In marcia / fermata / arresto;Conducente;M;Illeso;0;;Non accertato;Inesistente
1777346;2;11/09/2008 10:15;Strada Urbana;CORSO D'ITALIA;da specificare;;;;Sottovia altezza Via Puccini dir P.le Flaminio;Scontro laterale fra veicoli in marcia;Curva a visuale libera;Due carreggiate;Asciutto;Asfaltata;Verticale ed orizzontale;Sereno;Normale;Buona;Ore Diurne;1;0;0;1;;;-1;2;Motociclo a solo;In marcia / fermata / arresto;Conducente;F;Rimandato;0;NON DECEDUTO;Non accertato;Inesistente
1777347;2;11/09/2008 11:30;Strada Urbana;VIA NOMENTANA;da specificare;;;;alt. V. TEMBIEN;Scontro laterale fra veicoli in marcia;Rettilineo;Più di due carreggiate;Asciutto;Asfaltata;Verticale ed orizzontale;Sereno;Normale;Buona;Ore Diurne;0;0;0;2;;;-1;1;Autovettura privata;In marcia / fermata / arresto;Conducente;F;Illeso;0;;Non accertato;Inesistente
1777347;2;11/09/2008 11:30;Strada Urbana;VIA NOMENTANA;da specificare;;;;alt. V. TEMBIEN;Scontro laterale fra veicoli in marcia;Rettilineo;Più di due carreggiate;Asciutto;Asfaltata;Verticale ed orizzontale;Sereno;Normale;Buona;Ore Diurne;0;0;0;2;;;-1;2;Autocarro inferiore 35 q.;In marcia / fermata / arresto;Conducente;M;Illeso;0;;Non accertato;Inesistente
1777348;2;11/09/2008 16:30;Strada Urbana;VIALE LIEGI;in prossimità;;del civico n. ;31;;Scontro laterale fra veicoli in marcia;Rettilineo;Una carreggiata a doppio senso;Asciutto;Asfaltata;Orizzontale;Sereno;Intenso;Buona;Ore Diurne;0;0;0;3;;;-1;1;Autovettura privata;In marcia / fermata / arresto;Conducente;M;Illeso;0;;Non accertato;Inesistente
1777348;2;11/09/2008 16:30;Strada Urbana;VIALE LIEGI;in prossimità;;del civico n. ;31;;Scontro laterale fra veicoli in marcia;Rettilineo;Una carreggiata a doppio senso;Asciutto;Asfaltata;Orizzontale;Sereno;Intenso;Buona;Ore Diurne;0;0;0;3;;;-1;1;Autovettura privata;In marcia / fermata / arresto;Passeggero;M;Illeso;0;;Non accertato;Inesistente
1777348;2;11/09/2008 16:30;Strada Urbana;VIALE LIEGI;in prossimità;;del civico n. ;31;;Scontro laterale fra veicoli in marcia;Rettilineo;Una carreggiata a doppio senso;Asciutto;Asfaltata;Orizzontale;Sereno;Intenso;Buona;Ore Diurne;0;0;0;3;;;-1;2;Autovettura privata;In marcia / fermata / arresto;Conducente;M;Illeso;0;;Non accertato;Inesistente