Protocollo;Gruppo;DataOraIncidente;Localizzazione1;STRADA1;Localizzazione2;STRADA2;Strada02;Chilometrica;DaSpecificare;NaturaIncidente;particolaritastrade;TipoStrada;FondoStradale;Pavimentazione;Segnaletica;CondizioneAtmosferica;Traffico;Visibilita;Illuminazione;NUM_FERITI;NUM_RISERVATA;NUM_MORTI;NUM_ILLESI;Longitudine;Latitudine;Confermato;Progressivo;TipoVeicolo;StatoVeicolo;TipoPersona;Sesso;Tipolesione;Deceduto;DecedutoDopo;CinturaCascoUtilizzato;Airbag
1777349;2;11/09/2008 19:50;Strada Urbana;VIA DEL SACRO CUORE DI MARIA;in prossimità;;del palo luce n. ;1;;Scontro laterale fra veicoli in marcia;Rettilineo;Una carreggiata a senso unico di marcia;Asciutto;Asfaltata;Assente;Sereno;Normale;Buona;Sufficiente;0;0;0;2;;;-1;1;Autovettura privata;In marcia / fermata / arresto;Conducente;F;Illeso;0;;Non accertato;Inesistente
1777349;2;11/09/2008 19:50;Strada Urbana;VIA DEL SACRO CUORE DI MARIA;in prossimità;;del palo luce n. ;1;;Scontro laterale fra veicoli in marcia;Rettilineo;Una carreggiata a senso unico di marcia;Asciutto;Asfaltata;Assente;Sereno;Normale;Buona;Sufficiente;0;0;0;2;;;-1;2;Autovettura privata;In marcia / fermata / arresto;Conducente;M;Illeso;0;;Non accertato;Inesistente
1777350;2;11/09/2008 21:00;Strada Urbana;VIALE REGINA MARGHERITA;in prossimità;;del civico n. ;109/B;;Veicolo in marcia contro veicolo fermo;Rettilineo;Una carreggiata a doppio senso;Asciutto;Asfaltata;Orizzontale;Sereno;Normale;Buona;Sufficiente;1;0;0;2;;;-1;1;Motociclo a solo;In marcia / fermata / arresto;Conducente;M;Rifiuta cure immediate;0;NON DECEDUTO;Non accertato;Inesistente
1777350;2;11/09/2008 21:00;Strada Urbana;VIALE REGINA MARGHERITA;in prossimità;;del civico n. ;109/B;;Veicolo in marcia contro veicolo fermo;Rettilineo;Una carreggiata a doppio senso;Asciutto;Asfaltata;Orizzontale;Sereno;Normale;Buona;Sufficiente;1;0;0;2;;;-1;2;Autovettura pubblica;In marcia / fermata / arresto;Conducente;M;Illeso;0;;Non accertato;Inesistente
1777350;2;11/09/2008 21:00;Strada Urbana;VIALE REGINA MARGHERITA;in prossimità;;del civico n. ;109/B;;Veicolo in marcia contro veicolo fermo;Rettilineo;Una carreggiata a doppio senso;Asciutto;Asfaltata;Orizzontale;Sereno;Normale;Buona;Sufficiente;1;0;0;2;;;-1;2;Autovettura pubblica;In marcia / fermata / arresto;Passeggero;M;Illeso;0;;Non accertato;Inesistente
1777351;2;12/09/2008 10:50;Strada Urbana;VIALE MARESCIALLO PILSUDSKI;all'intersezione semaforizzata con;VIA DEL SACRO CUORE DI MARIA;VIA DEL SACRO CUORE DI MARIA;;;Veicolo in marcia contro ostacolo accidentale;Intersezione semaforizzata;Una carreggiata a doppio senso;Bagnato (pioggia);Asfaltata;Verticale ed orizzontale;Pioggia in atto;Normale;Sufficiente;Ore Diurne;1;0;0;0;;;-1;1;Motociclo a solo;In marcia / fermata / arresto;Conducente;F;Rimandato;0;NON DECEDUTO;Non accertato;Inesistente
1777352;2;12/09/2008 12:00;Strada Urbana;VIALE DEL MURO TORTO;in prossimità;;del civico n. ;5;;Veicolo in marcia contro veicolo in sosta;Curva a visuale libera;Due carreggiate;Bagnato (pioggia);Asfaltata;Orizzontale;Pioggia in atto;Normale;Sufficiente;Ore Diurne;0;0;0;1;;;-1;1;Autovettura privata;In marcia / fermata / arresto;Conducente;F;Illeso;0;;Non accertato;Inesistente
1777353;2;12/09/2008 15:20;Strada Urbana;CIRCONVALLAZIONE SALARIA;da specificare;;;;dopo svincolo ponte delle valli altezza cantiere;Scontro laterale fra veicoli in marcia;Rettilineo;Due carreggiate;Asciutto;Asfaltata;Verticale ed orizzontale;Sereno;Normale;Buona;Ore Diurne;0;0;0;3;;;-1;1;Autovettura privata;In marcia / fermata / arresto;Conducente;M;Illeso;0;;Non accertato;Inesistente
1777353;2;12/09/2008 15:20;Strada Urbana;CIRCONVALLAZIONE SALARIA;da specificare;;;;dopo svincolo ponte delle valli altezza cantiere;Scontro laterale fra veicoli in marcia;Rettilineo;Due carreggiate;Asciutto;Asfaltata;Verticale ed orizzontale;Sereno;Normale;Buona;Ore Diurne;0;0;0;3;;;-1;1;Autovettura privata;In marcia / fermata / arresto;Passeggero;F;Illeso;0;;Non accertato;Inesistente
1777353;2;12/09/2008 15:20;Strada Urbana;CIRCONVALLAZIONE SALARIA;da specificare;;;;dopo svincolo ponte delle valli altezza cantiere;Scontro laterale fra veicoli in marcia;Rettilineo;Due carreggiate;Asciutto;Asfaltata;Verticale ed orizzontale;Sereno;Normale;Buona;Ore Diurne;0;0;0;3;;;-1;2;Autovettura privata;In marcia / fermata / arresto;Conducente;F;Illeso;0;;Non accertato;Inesploso
1777354;2;12/09/2008 18:05;Strada Urbana;PIAZZA VERBANO;all'intersezione con;VIA NEMORENSE;VIA NEMORENSE;;;Tamponamento;Rotatoria;Una carreggiata a senso unico di marcia;Asciutto;Asfaltata;Verticale ed orizzontale;Nuvoloso;Normale;Buona;Ore Diurne;0;0;0;4;;;-1;1;Autovettura privata;In marcia / fermata / arresto;Conducente;F;Illeso;0;;Non accertato;Inesistente
1777354;2;12/09/2008 18:05;Strada Urbana;PIAZZA VERBANO;all'intersezione con;VIA NEMORENSE;VIA NEMORENSE;;;Tamponamento;Rotatoria;Una carreggiata a senso unico di marcia;Asciutto;Asfaltata;Verticale ed orizzontale;Nuvoloso;Normale;Buona;Ore Diurne;0;0;0;4;;;-1;1;Autovettura privata;In marcia / fermata / arresto;Passeggero;F;Illeso;0;;Non accertato;Inesistente
1777354;2;12/09/2008 18:05;Strada Urbana;PIAZZA VERBANO;all'intersezione con;VIA NEMORENSE;VIA NEMORENSE;;;Tamponamento;Rotatoria;Una carreggiata a senso unico di marcia;Asciutto;Asfaltata;Verticale ed orizzontale;Nuvoloso;Normale;Buona;Ore Diurne;0;0;0;4;;;-1;2;Autovettura privata;In marcia / fermata / arresto;Conducente;M;Illeso;0;;Non accertato;Inesistente
1777354;2;12/09/2008 18:05;Strada Urbana;PIAZZA VERBANO;all'intersezione con;VIA NEMORENSE;VIA NEMORENSE;;;Tamponamento;Rotatoria;Una carreggiata a senso unico di marcia;Asciutto;Asfaltata;Verticale ed orizzontale;Nuvoloso;Normale;Buona;Ore Diurne;0;0;0;4;;;-1;2;Autovettura privata;In marcia / fermata / arresto;Passeggero;F;Illeso;0;;Non accertato;Inesistente
1777355;2;12/09/2008 12:00;Strada Urbana;PIAZZA GIUSEPPE VERDI;all'intersezione con;VIA VINCENZO BELLINI;VIA VINCENZO BELLINI;;;Scontro frontale/laterale DX fra veicoli in marcia;Intersezione stradale segnalata;Una carreggiata a senso unico di marcia;Asciutto;Asfaltata;Verticale ed orizzontale;Sereno;Normale;Buona;Ore Diurne;0;0;0;2;;;-1;1;Autovettura privata;In marcia / fermata / arresto;Conducente;F;Illeso;0;;Non accertato;Inesistente
1777355;2;12/09/2008 12:00;Strada Urbana;PIAZZA GIUSEPPE VERDI;all'intersezione con;VIA VINCENZO BELLINI;VIA VINCENZO BELLINI;;;Scontro frontale/laterale DX fra veicoli in marcia;Intersezione stradale segnalata;Una carreggiata a senso unico di marcia;Asciutto;Asfaltata;Verticale ed orizzontale;Sereno;Normale;Buona;Ore Diurne;0;0;0;2;;;-1;2;Autovettura privata;In marcia / fermata / arresto;Conducente;M;Illeso;0;;Non accertato;Inesistente
1777357;2;13/09/2008 18:10;Strada Urbana;PIAZZALE FLAMINIO;all'intersezione semaforizzata con;PORTA DEL POPOLO;PORTA DEL POPOLO;;;Veicolo in marcia contro veicoli in arresto;Intersezione semaforizzata;Due carreggiate;Asciutto;Asfaltata;Verticale ed orizzontale;Sereno;Normale;Buona;Ore Diurne;0;0;0;4;;;-1;1;Autovettura privata;In marcia / fermata / arresto;Conducente;F;Illeso;0;;Non accertato;Inesistente
1777357;2;13/09/2008 18:10;Strada Urbana;PIAZZALE FLAMINIO;all'intersezione semaforizzata con;PORTA DEL POPOLO;PORTA DEL POPOLO;;;Veicolo in marcia contro veicoli in arresto;Intersezione semaforizzata;Due carreggiate;Asciutto;Asfaltata;Verticale ed orizzontale;Sereno;Normale;Buona;Ore Diurne;0;0;0;4;;;-1;1;Autovettura privata;In marcia / fermata / arresto;Passeggero;M;Illeso;0;;Non accertato;Inesistente
1777357;2;13/09/2008 18:10;Strada Urbana;PIAZZALE FLAMINIO;all'intersezione semaforizzata con;PORTA DEL POPOLO;PORTA DEL POPOLO;;;Veicolo in marcia contro veicoli in arresto;Intersezione semaforizzata;Due carreggiate;Asciutto;Asfaltata;Verticale ed orizzontale;Sereno;Normale;Buona;Ore Diurne;0;0;0;4;;;-1;2;Motociclo con passeggero;In marcia / fermata / arresto;Conducente;M;Illeso;0;;Non accertato;Inesistente
1777357;2;13/09/2008 18:10;Strada Urbana;PIAZZALE FLAMINIO;all'intersezione semaforizzata con;PORTA DEL POPOLO;PORTA DEL POPOLO;;;Veicolo in marcia contro veicoli in arresto;Intersezione semaforizzata;Due carreggiate;Asciutto;Asfaltata;Verticale ed orizzontale;Sereno;Normale;Buona;Ore Diurne;0;0;0;4;;;-1;2;Motociclo con passeggero;In marcia / fermata / arresto;Passeggero;M;Illeso;0;;Non accertato;Inesistente
1777358;2;14/09/2008 08:30;Strada Urbana;VIA SAVOIA;all'intersezione con;VIA BRESCIA;VIA BRESCIA;;;Scontro frontale/laterale SX fra veicoli in marcia;Incrocio;Una carreggiata a senso unico di marcia;Asciutto;In cubetti di porfido;Verticale ed orizzontale;Nuvoloso;Scarso;Buona;Ore Diurne;0;0;0;3;;;-1;1;Autovettura privata;In marcia / fermata / arresto;Conducente;F;Illeso;0;;Non accertato;Inesploso
1777358;2;14/09/2008 08:30;Strada Urbana;VIA SAVOIA;all'intersezione con;VIA BRESCIA;VIA BRESCIA;;;Scontro frontale/laterale SX fra veicoli in marcia;Incrocio;Una carreggiata a senso unico di marcia;Asciutto;In cubetti di porfido;Verticale ed orizzontale;Nuvoloso;Scarso;Buona;Ore Diurne;0;0;0;3;;;-1;2;Autovettura privata;In marcia / fermata / arresto;Conducente;M;Illeso;0;;Non accertato;Inesistente
1777358;2;14/09/2008 08:30;Strada Urbana;VIA SAVOIA;all'intersezione con;VIA BRESCIA;VIA BRESCIA;;;Scontro frontale/laterale SX fra veicoli in marcia;Incrocio;Una carreggiata a senso unico di marcia;Asciutto;In cubetti di porfido;Verticale ed orizzontale;Nuvoloso;Scarso;Buona;Ore Diurne;0;0;0;3;;;-1;2;Autovettura privata;In marcia / fermata / arresto;Passeggero;F;Illeso;0;;Esente;Inesploso
1777359;2;14/09/2008 14:15;Strada Urbana;VIALE DELLA MOSCHEA;all'intersezione con;VIA DEL FORO ITALICO;VIA DEL FORO ITALICO;;;Scontro frontale/laterale SX fra veicoli in marcia;Incrocio;Una carreggiata a doppio senso;Asciutto;Asfaltata;Verticale ed orizzontale;Sereno;Normale;Buona;Ore Diurne;1;0;0;4;;;-1;1;Autovettura privata;In marcia / fermata / arresto;Conducente;M;Illeso;0;;Non accertato;Inesistente
1777359;2;14/09/2008 14:15;Strada Urbana;VIALE DELLA MOSCHEA;all'intersezione con;VIA DEL FORO ITALICO;VIA DEL FORO ITALICO;;;Scontro frontale/laterale SX fra veicoli in marcia;Incrocio;Una carreggiata a doppio senso;Asciutto;Asfaltata;Verticale ed orizzontale;Sereno;Normale;Buona;Ore Diurne;1;0;0;4;;;-1;1;Autovettura privata;In marcia / fermata / arresto;Passeggero;M;Illeso;0;;Non accertato;Inesistente
1777359;2;14/09/2008 14:15;Strada Urbana;VIALE DELLA MOSCHEA;all'intersezione con;VIA DEL FORO ITALICO;VIA DEL FORO ITALICO;;;Scontro frontale/laterale SX fra veicoli in marcia;Incrocio;Una carreggiata a doppio senso;Asciutto;Asfaltata;Verticale ed orizzontale;Sereno;Normale;Buona;Ore Diurne;1;0;0;4;;;-1;1;Autovettura privata;In marcia / fermata / arresto;Passeggero;F;Illeso;0;;Non accertato;Inesistente
1777359;2;14/09/2008 14:15;Strada Urbana;VIALE DELLA MOSCHEA;all'intersezione con;VIA DEL FORO ITALICO;VIA DEL FORO ITALICO;;;Scontro frontale/laterale SX fra veicoli in marcia;Incrocio;Una carreggiata a doppio senso;Asciutto;Asfaltata;Verticale ed orizzontale;Sereno;Normale;Buona;Ore Diurne;1;0;0;4;;;-1;2;Autovettura privata;In marcia / fermata / arresto;Conducente;F;Rifiuta cure immediate;0;NON DECEDUTO;Non accertato;Inesistente
1777360;2;14/09/2008 17:55;Strada Urbana;VIA NORVEGIA;all'intersezione con;VIALE PIETRO DE COUBERTIN;VIALE PIETRO DE COUBERTIN;;;Investimento di pedone;Incrocio;Una carreggiata a doppio senso;Asciutto;Asfaltata;Verticale ed orizzontale;Sereno;Normale;Buona;Ore Diurne;2;0;0;3;;;-1;;;;Pedone;F;Rifiuta cure immediate;0;NON DECEDUTO;;
1777360;2;14/09/2008 17:55;Strada Urbana;VIA NORVEGIA;all'intersezione con;VIALE PIETRO DE COUBERTIN;VIALE PIETRO DE COUBERTIN;;;Investimento di pedone;Incrocio;Una carreggiata a doppio senso;Asciutto;Asfaltata;Verticale ed orizzontale;Sereno;Normale;Buona;Ore Diurne;2;0;0;3;;;-1;;;;Pedone;F;Rifiuta cure immediate;0;NON DECEDUTO;;
1777360;2;14/09/2008 17:55;Strada Urbana;VIA NORVEGIA;all'intersezione con;VIALE PIETRO DE COUBERTIN;VIALE PIETRO DE COUBERTIN;;;Investimento di pedone;Incrocio;Una carreggiata a doppio senso;Asciutto;Asfaltata;Verticale ed orizzontale;Sereno;Normale;Buona;Ore Diurne;2;0;0;3;;;-1;;;;Pedone;F;Illeso;0;;;
1777360;2;14/09/2008 17:55;Strada Urbana;VIA NORVEGIA;all'intersezione con;VIALE PIETRO DE COUBERTIN;VIALE PIETRO DE COUBERTIN;;;Investimento di pedone;Incrocio;Una carreggiata a doppio senso;Asciutto;Asfaltata;Verticale ed orizzontale;Sereno;Normale;Buona;Ore Diurne;2;0;0;3;;;-1;1;Autovettura privata;In marcia / fermata / arresto;Conducente;M;Illeso;0;;Non accertato;Inesistente
1777360;2;14/09/2008 17:55;Strada Urbana;VIA NORVEGIA;all'intersezione con;VIALE PIETRO DE COUBERTIN;VIALE PIETRO DE COUBERTIN;;;Investimento di pedone;Incrocio;Una carreggiata a doppio senso;Asciutto;Asfaltata;Verticale ed orizzontale;Sereno;Normale;Buona;Ore Diurne;2;0;0;3;;;-1;1;Autovettura privata;In marcia / fermata / arresto;Passeggero;F;Illeso;0;;Non accertato;Inesistente
1777361;2;14/09/2008 09:00;Strada Urbana;VIALE DELLA MOSCHEA;in prossimità;;del civico n. ;79;;Veicolo in marcia contro ostacolo fisso;Curva a visuale libera;Due carreggiate;Asciutto;Asfaltata;Orizzontale;Nuvoloso;Scarso;Buona;Ore Diurne;1;0;0;0;;;-1;1;Autovettura privata;In marcia / fermata / arresto;Conducente;M;Ricoverato;0;NON DECEDUTO;Non accertato;Inesistente
1777363;2;14/09/2008 03:00;Strada Urbana;VIA PIETRO MASCAGNI;in corrispondenza;;del civico n. ;134;;Tamponamento;Rettilineo;Una carreggiata a senso unico di marcia;Asciutto;Asfaltata;Verticale ed orizzontale;Nuvoloso;Scarso;Buona;Sufficiente;0;0;0;4;;;-1;1;Autovettura pubblica;In marcia / fermata / arresto;Passeggero;F;Illeso;0;;Non accertato;Inesistente
1777363;2;14/09/2008 03:00;Strada Urbana;VIA PIETRO MASCAGNI;in corrispondenza;;del civico n. ;134;;Tamponamento;Rettilineo;Una carreggiata a senso unico di marcia;Asciutto;Asfaltata;Verticale ed orizzontale;Nuvoloso;Scarso;Buona;Sufficiente;0;0;0;4;;;-1;1;Autovettura pubblica;In marcia / fermata / arresto;Conducente;M;Illeso;0;;Non accertato;Inesistente
1777363;2;14/09/2008 03:00;Strada Urbana;VIA PIETRO MASCAGNI;in corrispondenza;;del civico n. ;134;;Tamponamento;Rettilineo;Una carreggiata a senso unico di marcia;Asciutto;Asfaltata;Verticale ed orizzontale;Nuvoloso;Scarso;Buona;Sufficiente;0;0;0;4;;;-1;2;Autovettura privata;In marcia / fermata / arresto;Conducente;M;Illeso;0;;Non accertato;Inesistente
1777363;2;14/09/2008 03:00;Strada Urbana;VIA PIETRO MASCAGNI;in corrispondenza;;del civico n. ;134;;Tamponamento;Rettilineo;Una carreggiata a senso unico di marcia;Asciutto;Asfaltata;Verticale ed orizzontale;Nuvoloso;Scarso;Buona;Sufficiente;0;0;0;4;;;-1;2;Autovettura privata;In marcia / fermata / arresto;Passeggero;M;Illeso;0;;Non accertato;Inesistente
1777364;2;14/09/2008 20:00;Strada Urbana;PIAZZA SANTIAGO DEL CILE;all'intersezione con;VIALE PARIOLI;VIALE PARIOLI;;;Scontro frontale/laterale DX fra veicoli in marcia;Rotatoria;Due carreggiate;Asciutto;Asfaltata;Orizzontale;Sereno;Scarso;Buona;Sufficiente;1;0;0;2;;;-1;1;Autovettura privata;In marcia / fermata / arresto;Conducente;F;Illeso;0;;Non accertato;Inesistente
1777364;2;14/09/2008 20:00;Strada Urbana;PIAZZA SANTIAGO DEL CILE;all'intersezione con;VIALE PARIOLI;VIALE PARIOLI;;;Scontro frontale/laterale DX fra veicoli in marcia;Rotatoria;Due carreggiate;Asciutto;Asfaltata;Orizzontale;Sereno;Scarso;Buona;Sufficiente;1;0;0;2;;;-1;2;Motociclo con passeggero;In marcia / fermata / arresto;Conducente;M;Illeso;0;;Non accertato;Inesistente
1777364;2;14/09/2008 20:00;Strada Urbana;PIAZZA SANTIAGO DEL CILE;all'intersezione con;VIALE PARIOLI;VIALE PARIOLI;;;Scontro frontale/laterale DX fra veicoli in marcia;Rotatoria;Due carreggiate;Asciutto;Asfaltata;Orizzontale;Sereno;Scarso;Buona;Sufficiente;1;0;0;2;;;-1;2;Motociclo con passeggero;In marcia / fermata / arresto;Passeggero;F;Rimandato;0;NON DECEDUTO;Non accertato;Inesistente
1777365;2;15/09/2008 21:05;Strada Urbana;VIA CHIANA;in prossimità;;del civico n. ;80;;Veicolo in marcia contro ostacolo accidentale;Rettilineo;Una carreggiata a doppio senso;Bagnato (pioggia);Asfaltata;Verticale ed orizzontale;Pioggia in atto;Scarso;Buona;Sufficiente;0;0;0;1;;;-1;1;Autovettura privata;In marcia / fermata / arresto;Conducente;M;Illeso;0;;Non accertato;Inesploso
1777366;2;15/09/2008 20:00;Strada Urbana;LUNGOTEVERE ARNALDO DA BRESCIA;all'intersezione semaforizzata con;VIA DOMENICO ALBERTO AZUNI;VIA DOMENICO ALBERTO AZUNI;;;Veicolo in marcia contro ostacolo accidentale;Intersezione semaforizzata;Una carreggiata a senso unico di marcia;Bagnato (pioggia);Con buche;Verticale ed orizzontale;Pioggia in atto;Normale;Insufficiente;Insufficiente;0;0;0;2;;;-1;1;Autovettura privata;In marcia / fermata / arresto;Conducente;M;Illeso;0;;Non accertato;Inesistente
1777366;2;15/09/2008 20:00;Strada Urbana;LUNGOTEVERE ARNALDO DA BRESCIA;all'intersezione semaforizzata con;VIA DOMENICO ALBERTO AZUNI;VIA DOMENICO ALBERTO AZUNI;;;Veicolo in marcia contro ostacolo accidentale;Intersezione semaforizzata;Una carreggiata a senso unico di marcia;Bagnato (pioggia);Con buche;Verticale ed orizzontale;Pioggia in atto;Normale;Insufficiente;Insufficiente;0;0;0;2;;;-1;1;Autovettura privata;In marcia / fermata / arresto;Passeggero;F;Illeso;0;;Non accertato;Inesistente
1777367;2;15/09/2008 19:00;Strada Urbana;LUNGOTEVERE FLAMINIO;all'intersezione con;VIA ANTONAZZO ROMANO;VIA ANTONAZZO ROMANO;;;Scontro laterale fra veicoli in marcia;Incrocio;Due carreggiate;Bagnato (pioggia);Asfaltata;Verticale ed orizzontale;Pioggia in atto;Normale;Sufficiente;Sufficiente;0;0;0;6;;;-1;1;Motociclo a solo;In marcia / fermata / arresto;Conducente;M;Illeso;0;;Non accertato;Inesistente
1777367;2;15/09/2008 19:00;Strada Urbana;LUNGOTEVERE FLAMINIO;all'intersezione con;VIA ANTONAZZO ROMANO;VIA ANTONAZZO ROMANO;;;Scontro laterale fra veicoli in marcia;Incrocio;Due carreggiate;Bagnato (pioggia);Asfaltata;Verticale ed orizzontale;Pioggia in atto;Normale;Sufficiente;Sufficiente;0;0;0;6;;;-1;2;Autovettura privata;In marcia / fermata / arresto;Conducente;M;Illeso;0;;Non accertato;Inesistente
1777367;2;15/09/2008 19:00;Strada Urbana;LUNGOTEVERE FLAMINIO;all'intersezione con;VIA ANTONAZZO ROMANO;VIA ANTONAZZO ROMANO;;;Scontro laterale fra veicoli in marcia;Incrocio;Due carreggiate;Bagnato (pioggia);Asfaltata;Verticale ed orizzontale;Pioggia in atto;Normale;Sufficiente;Sufficiente;0;0;0;6;;;-1;2;Autovettura privata;In marcia / fermata / arresto;Passeggero;M;Illeso;0;;Non accertato;Inesistente
1777367;2;15/09/2008 19:00;Strada Urbana;LUNGOTEVERE FLAMINIO;all'intersezione con;VIA ANTONAZZO ROMANO;VIA ANTONAZZO ROMANO;;;Scontro laterale fra veicoli in marcia;Incrocio;Due carreggiate;Bagnato (pioggia);Asfaltata;Verticale ed orizzontale;Pioggia in atto;Normale;Sufficiente;Sufficiente;0;0;0;6;;;-1;2;Autovettura privata;In marcia / fermata / arresto;Passeggero;F;Illeso;0;;Non accertato;Inesistente
1777367;2;15/09/2008 19:00;Strada Urbana;LUNGOTEVERE FLAMINIO;all'intersezione con;VIA ANTONAZZO ROMANO;VIA ANTONAZZO ROMANO;;;Scontro laterale fra veicoli in marcia;Incrocio;Due carreggiate;Bagnato (pioggia);Asfaltata;Verticale ed orizzontale;Pioggia in atto;Normale;Sufficiente;Sufficiente;0;0;0;6;;;-1;2;Autovettura privata;In marcia / fermata / arresto;Passeggero;M;Illeso;0;;Non accertato;Inesistente
1777367;2;15/09/2008 19:00;Strada Urbana;LUNGOTEVERE FLAMINIO;all'intersezione con;VIA ANTONAZZO ROMANO;VIA ANTONAZZO ROMANO;;;Scontro laterale fra veicoli in marcia;Incrocio;Due carreggiate;Bagnato (pioggia);Asfaltata;Verticale ed orizzontale;Pioggia in atto;Normale;Sufficiente;Sufficiente;0;0;0;6;;;-1;2;Autovettura privata;In marcia / fermata / arresto;Passeggero;F;Illeso;0;;Non accertato;Inesistente
1777368;2;15/09/2008 09:00;Strada Urbana;CORSO D'ITALIA;in prossimità;;del civico n. ;41;;Veicolo in marcia contro veicolo fermo;Rettilineo;Una carreggiata a senso unico di marcia;Asciutto;Asfaltata;Verticale ed orizzontale;Sereno;Normale;Buona;Ore Diurne;0;0;0;3;;;-1;1;Autovettura pubblica;In marcia / fermata / arresto;Conducente;M;Illeso;0;;Non accertato;Inesistente
1777368;2;15/09/2008 09:00;Strada Urbana;CORSO D'ITALIA;in prossimità;;del civico n. ;41;;Veicolo in marcia contro veicolo fermo;Rettilineo;Una carreggiata a senso unico di marcia;Asciutto;Asfaltata;Verticale ed orizzontale;Sereno;Normale;Buona;Ore Diurne;0;0;0;3;;;-1;1;Autovettura pubblica;In marcia / fermata / arresto;Passeggero;F;Illeso;0;;Non accertato;Inesistente
1777368;2;15/09/2008 09:00;Strada Urbana;CORSO D'ITALIA;in prossimità;;del civico n. ;41;;Veicolo in marcia contro veicolo fermo;Rettilineo;Una carreggiata a senso unico di marcia;Asciutto;Asfaltata;Verticale ed orizzontale;Sereno;Normale;Buona;Ore Diurne;0;0;0;3;;;-1;2;Autobus urbano;In marcia / fermata / arresto;Conducente;M;Illeso;0;;Esente;Inesistente
1777369;2;16/09/2008 09:45;Strada Urbana;VIA ANTONIO BERTOLONI;in prossimità;;del civico n. ;34;;Scontro frontale/laterale DX fra veicoli in marcia;Rettilineo;Una carreggiata a doppio senso;Asciutto;Asfaltata;Verticale ed orizzontale;Sereno;Scarso;Buona;Ore Diurne;1;0;0;1;;;-1;1;Motociclo a solo;In marcia / fermata / arresto;Conducente;M;Rifiuta cure immediate;0;NON DECEDUTO;Non accertato;Inesistente
1777369;2;16/09/2008 09:45;Strada Urbana;VIA ANTONIO BERTOLONI;in prossimità;;del civico n. ;34;;Scontro frontale/laterale DX fra veicoli in marcia;Rettilineo;Una carreggiata a doppio senso;Asciutto;Asfaltata;Verticale ed orizzontale;Sereno;Scarso;Buona;Ore Diurne;1;0;0;1;;;-1;2;Motociclo a solo;In marcia / fermata / arresto;Conducente;F;Illeso;0;;Non accertato;Inesistente
1777370;2;16/09/2008 10:20;Strada Urbana;CORSO TRIESTE;in prossimità;;del civico n. ;146;;Scontro laterale fra veicoli in marcia;Rettilineo;Una carreggiata a doppio senso;Asciutto;Asfaltata;Verticale ed orizzontale;Sereno;Intenso;Buona;Ore Diurne;0;0;0;2;;;-1;1;Autovettura privata;In marcia / fermata / arresto;Conducente;F;Illeso;0;;Non accertato;Inesistente
1777370;2;16/09/2008 10:20;Strada Urbana;CORSO TRIESTE;in prossimità;;del civico n. ;146;;Scontro laterale fra veicoli in marcia;Rettilineo;Una carreggiata a doppio senso;Asciutto;Asfaltata;Verticale ed orizzontale;Sereno;Intenso;Buona;Ore Diurne;0;0;0;2;;;-1;2;Autobus urbano;In marcia / fermata / arresto;Conducente;M;Illeso;0;;Non accertato;Inesistente
1777371;2;16/09/2008 18:30;Strada Urbana;VIALE DELLA MOSCHEA;all'intersezione semaforizzata con;VIA DI PONTE SALARIO;VIA DI PONTE SALARIO;;;Investimento di pedone;Intersezione semaforizzata;Più di due carreggiate;Asciutto;Asfaltata;Verticale ed orizzontale;Sereno;Intenso;Buona;Ore Diurne;2;0;0;3;;;-1;;;;Pedone;M;Rimandato;0;NON DECEDUTO;;
1777371;2;16/09/2008 18:30;Strada Urbana;VIALE DELLA MOSCHEA;all'intersezione semaforizzata con;VIA DI PONTE SALARIO;VIA DI PONTE SALARIO;;;Investimento di pedone;Intersezione semaforizzata;Più di due carreggiate;Asciutto;Asfaltata;Verticale ed orizzontale;Sereno;Intenso;Buona;Ore Diurne;2;0;0;3;;;-1;;;;Pedone;M;Rimandato;0;NON DECEDUTO;;
1777371;2;16/09/2008 18:30;Strada Urbana;VIALE DELLA MOSCHEA;all'intersezione semaforizzata con;VIA DI PONTE SALARIO;VIA DI PONTE SALARIO;;;Investimento di pedone;Intersezione semaforizzata;Più di due carreggiate;Asciutto;Asfaltata;Verticale ed orizzontale;Sereno;Intenso;Buona;Ore Diurne;2;0;0;3;;;-1;1;Autovettura privata;In marcia / fermata / arresto;Conducente;M;Illeso;0;;Non accertato;Inesistente
1777371;2;16/09/2008 18:30;Strada Urbana;VIALE DELLA MOSCHEA;all'intersezione semaforizzata con;VIA DI PONTE SALARIO;VIA DI PONTE SALARIO;;;Investimento di pedone;Intersezione semaforizzata;Più di due carreggiate;Asciutto;Asfaltata;Verticale ed orizzontale;Sereno;Intenso;Buona;Ore Diurne;2;0;0;3;;;-1;1;Autovettura privata;In marcia / fermata / arresto;Passeggero;M;Illeso;0;;Non accertato;Inesistente
1777371;2;16/09/2008 18:30;Strada Urbana;VIALE DELLA MOSCHEA;all'intersezione semaforizzata con;VIA DI PONTE SALARIO;VIA DI PONTE SALARIO;;;Investimento di pedone;Intersezione semaforizzata;Più di due carreggiate;Asciutto;Asfaltata;Verticale ed orizzontale;Sereno;Intenso;Buona;Ore Diurne;2;0;0;3;;;-1;1;Autovettura privata;In marcia / fermata / arresto;Passeggero;M;Illeso;0;;Non accertato;Inesistente